EmpID,EmpName,EngDt,TermDt,DepID,GenderID,RaceID,MgrID,DOB,PayRate,Level
1,"Nash, Kay K",1/1/2015,29-May-17,8,1,1,1,12-Feb-87,,1
2,"Simpson, Raymond X",1/1/2015,,7,0,4,2,15-Nov-82,,1
3,"Devlin, Kay M",6/10/2015,24-Jun-19,10,1,5,3,22-Feb-86,,1
4,"Massie, Elisabeth V",1/1/2015,,4,1,2,4,25-May-77,,1
5,"Mead, Catherine N",22/05/2015,15-Jul-20,8,1,1,1,4-Apr-95,,2
6,"Wright, Linda K",11/7/2015,18-Jun-22,10,1,2,3,13-Feb-89,,2
7,"Gibbs, David A",4/12/2015,8-Oct-18,3,0,4,7,6-May-83,,1
8,"Shute, Sarah F",1/1/2015,,9,1,2,8,11-Apr-86,,1
9,"Woolley, Paulin P",1/1/2015,22-Feb-15,4,0,4,4,6-Jan-95,,2
10,"Woodbridge, Irene A",9/5/2015,15-Jun-22,1,1,5,10,21-Jun-85,,1
11,"Richardson, Bhavna C",11/5/2015,29-Sep-21,9,1,2,8,31-Jul-78,,2
12,"Lamb, Daniel U",24/12/2015,,6,0,5,12,3-Feb-75,,1
13,"Seabrook, Sonia S",1/1/2015,,1,1,2,10,17-Dec-90,,2
14,"Powell, David V",26/07/2015,,6,0,5,12,2-May-78,,2
15,"Nielson, Paulin V",13/03/2016,,4,0,2,4,19-Nov-74,,2
16,"Goddard, Joanna R",1/1/2015,,7,1,5,2,27-Aug-72,,2
17,"Webb, Steven C",8/10/2015,,3,0,2,7,26-Oct-87,,2
18,"Channing, Francis C",21/03/2015,,7,0,5,2,31-Jan-68,,2
19,"Richards, Iris K",1/1/2015,,9,1,5,8,3-Oct-68,,2
20,"Ewart, Amanda B",1/1/2015,,7,1,4,2,12-Feb-81,,2
21,"Gorton, Adele W",29/09/2015,,4,1,3,4,7-Sep-85,,2
22,"Andrews, Sally X",3/5/2016,27-Sep-22,10,1,3,3,19-Jun-83,,2
23,"Bennett, Andrew Y",1/1/2015,,1,0,5,10,21-Nov-62,,2
24,"Cousins, Phyllis C",5/2/2015,,1,1,4,10,13-Mar-74,,2
25,"Richards, Graham F",19/12/2015,,7,0,1,2,30-Oct-85,,2
26,"Kenney, Frances L",1/1/2015,,8,1,1,1,25-Jan-67,,2
27,"John, Adam Q",4/9/2015,,2,0,4,27,3-Jan-55,,1
28,"Wynn, Adam Y",27/09/2015,30-Oct-21,1,0,4,10,5-May-79,,2
29,"Gadd, Morag H",21/04/2015,,8,1,5,1,17-Oct-88,,2
30,"Fleet, Sarah V",2/2/2015,,5,1,3,30,28-Mar-78,,1
31,"Rawson, Nishma P",1/1/2015,28-Jul-18,8,1,5,1,17-Nov-53,,2
32,"Primrose, Adam S",27/03/2015,,3,0,5,7,28-Sep-69,,2
33,"Parke, Robert F",17/10/2015,,9,0,2,8,2-Jul-62,,2
34,"Gorton, Daniel H",1/1/2015,,5,0,5,30,20-Nov-54,,2
35,"Wilson, John Z",1/1/2015,,1,0,5,10,12-Feb-64,,2
36,"Coombs, Antony P",4/6/2015,,10,0,1,3,4-Feb-74,,2
37,"Stevenson, Frank D",9/5/2017,,6,0,1,12,3-Feb-75,,2
38,"McCarthy, Philip X",1/1/2016,,2,0,1,27,27-Jul-74,,2
39,"Wilson, Bruno A",1/1/2015,,7,0,3,2,14-Oct-72,,2
40,"Dingley, Jayne T",11/5/2015,27-Aug-15,6,1,5,12,5-Jul-64,,2
41,"Standen, Selina H",21/03/2016,20-Nov-21,1,1,2,35,15-Nov-88,,3
42,"Stevenson, Dimitrios X",1/1/2015,29-Aug-20,1,0,2,35,3-Sep-88,,3
43,"Parrett, Matthew U",21/07/2015,30-Jul-19,8,0,5,1,31-Oct-86,,2
44,"Scholes, Liam J",1/1/2015,1-Jul-23,6,0,3,12,11-Jun-72,,2
45,"Massie, Sally T",1/1/2015,,10,1,5,3,1-Mar-77,,2
46,"Gibbs, Ann J",1/1/2015,,5,1,3,30,4-Apr-74,,2
47,"Woodbridge, Rajesh M",1/1/2015,,10,0,5,3,24-Feb-76,,2
48,"Simpson, Herbert N",21/06/2016,,3,0,4,7,18-Dec-69,,2
49,"Rasul, Irene S",1/1/2015,28-Aug-18,6,1,2,12,17-Feb-75,,2
50,"MacMillan, Olu N",10/7/2016,,9,0,4,8,17-Sep-65,,2
51,"Rutherford, Kenneth G",3/5/2015,23-Sep-21,6,0,1,49,12-Jul-74,,3
52,"Gorton, Jonathan K",21/02/2015,14-Jul-18,2,0,5,27,6-Oct-81,,2
53,"Jarvis, Ripduman I",1/1/2015,21-Jul-17,3,1,5,7,19-Nov-79,,2
54,"Mongan, Adam M",1/1/2015,,6,0,5,49,5-Dec-91,,3
55,"Polizzi, Edward G",1/1/2015,,1,0,4,35,8-May-79,,3
56,"Woolley, Christopher F",24/07/2015,,6,0,3,49,22-Feb-88,,3
57,"Jones, Joseph S",8/2/2015,,6,0,2,49,27-Apr-65,,3
58,"Hyslop, Antony K",1/1/2015,,1,0,3,35,12-Mar-91,,3
59,"Mills, Gabriele Q",15/01/2015,,8,1,2,43,31-Oct-65,,3
60,"Shelley, Angela B",1/1/2015,,10,1,3,47,28-May-81,,3
61,"Pryde, Jonathan C",6/9/2015,29-Apr-18,8,0,1,43,1-Nov-93,,3
62,"Robinson, Nuala L",1/1/2015,,8,1,5,43,31-Jul-64,,3
63,"Housley, Davide O",1/1/2015,25-Aug-16,1,0,4,35,14-Feb-56,,3
64,"Rutherford, Ian C",1/1/2015,,8,0,5,43,5-Dec-69,,3
65,"Dingley, Amanda P",27/03/2015,,3,1,5,7,17-Sep-63,,2
66,"Rasul, Christopher U",8/8/2016,,10,0,3,47,9-Nov-78,,3
67,"Gibbs, Peter E",14/04/2015,,5,0,1,30,31-Aug-68,,2
68,"Ranson, Samantha N",31/05/2016,,4,1,4,4,2-Sep-79,,2
69,"Richards, Nishma K",3/8/2015,,6,1,5,49,10-Jan-80,,3
70,"Coombs, Jane O",21/02/2016,17-May-22,2,1,2,27,27-Nov-70,,2
71,"Ewart, Douglas Q",9/9/2015,7-Jun-19,3,0,2,65,24-Jun-87,,3
72,"Massie, Venetia L",13/09/2015,20-Sep-21,1,1,5,35,30-Dec-81,,3
73,"Haigh, Morag P",26/10/2015,18-Sep-18,1,1,1,72,1-May-79,,4
74,"Shelley, Edward Y",14/10/2015,,8,0,3,43,3-Dec-70,,3
75,"Colley, Graham D",1/1/2015,,10,0,4,47,15-Oct-90,,3
76,"Dawber, Frank B",1/1/2015,17-Sep-18,4,0,3,4,2-Mar-79,,2
77,"Roberts, Francis K",1/1/2015,,1,0,4,72,8-Nov-58,,4
78,"Shearer, Sylvia B",1/1/2015,,2,1,3,27,10-Feb-79,,2
79,"Sheldrick, Andrew U",12/1/2015,,10,0,5,47,30-Apr-74,,3
80,"Lewis, Antony M",20/01/2015,,7,0,5,39,14-Jun-73,,3
81,"Barrett, Raymond Y",1/1/2015,4-Oct-22,1,0,2,72,16-Jul-91,,4
82,"Wilson, Nicola C",1/1/2015,29-Apr-16,8,1,2,43,12-Sep-71,,3
83,"Housley, Arthur T",1/1/2015,,6,0,2,49,9-Dec-74,,3
84,"John, Robert X",14/09/2015,,4,0,3,76,1-May-62,,3
85,"Wynn, Adrian J",1/1/2015,,5,0,2,30,29-Jun-71,,2
86,"Dawber, Katie F",5/12/2016,,10,1,5,47,9-May-76,,3
87,"MacMillan, Bevis F",9/4/2015,,3,0,3,65,29-Nov-58,,3
88,"Shelley, Sally M",5/10/2015,,10,1,1,47,21-Oct-79,,3
89,"Morris, Sharmin W",13/05/2015,,7,1,3,39,17-Aug-70,,3
90,"Hardy, Antony N",1/1/2015,,2,0,2,27,8-Aug-51,,2
91,"Geraghty, Jonathan H",11/6/2015,,6,0,1,83,17-Sep-65,,4
92,"Pryde, Antony I",1/1/2015,,7,0,5,39,16-Apr-65,,3
93,"Pryde, Mark P",1/1/2015,,1,0,3,72,10-Apr-85,,4
94,"Hyslop, Robert F",1/1/2015,,8,0,4,82,11-Jan-45,,4
95,"Lamb, Nazma E",1/1/2015,29-Oct-16,7,1,3,39,5-Apr-86,,3
96,"Swart, Karen R",4/10/2015,,1,1,3,72,27-Jul-79,,4
97,"Gibbs, Frank R",23/10/2015,5-Jul-22,10,0,2,88,28-Oct-95,,4
98,"Dingley, Gill L",3/5/2015,,3,1,5,65,5-Dec-74,,3
99,"Brant, Dimitrios Z",1/1/2015,,1,0,2,72,3-Jul-66,,4
100,"Henry, Katie P",1/1/2015,,5,1,4,30,9-Jan-64,,2
101,"Coppin, Morag H",3/1/2016,,10,1,1,88,1-Feb-83,,4
102,"Primrose, Elisabeth J",29/10/2015,,10,1,1,88,21-Jun-75,,4
103,"Webb, Adrian X",12/11/2015,29-Jul-18,2,0,1,90,27-Aug-66,,3
104,"Swart, Martin H",25/09/2015,,3,0,4,65,13-Nov-79,,3
105,"Gibbs, Tracey O",1/1/2015,,4,1,5,76,7-Oct-66,,3
106,"Scholes, Roy D",1/1/2015,5-Apr-21,3,0,1,65,22-May-57,,3
107,"Barrett, Julie C",1/1/2015,,4,1,3,76,7-Feb-85,,3
108,"Marsden, Jane X",25/01/2015,,10,1,2,88,24-May-68,,4
109,"Marsden, Amanda R",1/1/2015,,6,1,3,83,25-Feb-71,,4
110,"Johnson, Noella X",1/1/2015,,7,1,2,39,24-Sep-65,,3
111,"Field, Davide S",1/1/2015,,2,0,4,90,26-Jun-67,,3
112,"Colley, Antony P",1/1/2015,,9,0,4,8,25-Sep-90,,2
113,"Shelley, Colette V",16/10/2015,,10,1,2,88,14-Apr-68,,4
114,"Kenney, Douglas V",1/1/2015,,5,0,2,100,15-Aug-89,,3
115,"Johnson, Stuart X",9/5/2015,,9,0,3,112,23-Aug-71,,3
116,"Marsden, Bevis O",18/01/2016,,5,0,5,100,22-Mar-83,,3
117,"Cousins, William C",15/02/2015,4-Jun-17,10,0,5,88,5-Mar-86,,4
118,"Richards, Kevin B",1/1/2015,,1,0,4,99,4-Jul-70,,5
119,"MacMillan, Sandra U",1/1/2015,,9,1,2,112,27-Aug-68,,3
120,"Ranson, Rebecca W",14/08/2015,12-Apr-20,1,1,1,99,24-Mar-82,,5
121,"Gore, Selina R",1/1/2015,24-Sep-21,1,1,5,99,30-Sep-69,,5
122,"Gorton, Martin U",1/1/2015,,1,0,4,99,30-Jun-72,,5
123,"King, Sally P",1/1/2015,,6,1,5,83,6-Jan-95,,4
124,"Mongan, Giulio T",1/1/2015,14-Jun-20,2,0,4,90,18-Jan-89,,3
125,"Fleet, Anastasia S",1/1/2015,,6,1,4,83,24-Jun-76,,4
126,"Wilson, Irene C",6/5/2015,22-Apr-17,7,1,2,39,1-May-66,,3
127,"Colley, Selina K",10/3/2016,,5,1,3,100,1-Mar-77,,3
128,"Barrett, Noella I",1/1/2015,,1,1,4,99,23-Apr-70,,5
129,"Shearer, Herbert J",1/1/2015,,10,0,5,117,10-Jul-79,,5
130,"Parkes, Joanna F",1/1/2015,,3,1,4,65,1-Jun-80,,3
131,"Jarvis, Eunice L",1/1/2015,,9,1,4,112,18-Aug-93,,3
132,"Wilson, Graham U",1/1/2015,28-Nov-19,4,0,2,76,26-Feb-94,,3
133,"Andrews, Bhavna U",1/1/2015,21-May-16,6,1,1,83,16-Aug-79,,4
134,"Green, Adam H",12/4/2015,,5,0,3,100,17-Apr-95,,3
135,"Field, Gabriele V",1/1/2015,,4,1,1,76,16-Nov-69,,3
136,"Gore, Sarah G",8/6/2015,,3,1,5,130,2-Jan-89,,4
137,"Primrose, Syed E",2/10/2015,,9,0,4,112,24-Apr-78,,3
138,"Robinson, Elsie L",1/1/2015,15-Jun-17,5,1,2,100,31-Oct-61,,3
139,"Leyland, Elizabeth S",1/1/2015,,1,1,2,99,5-Nov-76,,5
140,"Swart, Christopher X",5/2/2015,2-Jun-20,3,0,3,130,5-Aug-65,,4
141,"Rutherford, Gabriele Q",1/1/2015,4-Jun-20,2,1,2,90,12-May-74,,3
142,"Polizzi, Paul W",13/01/2015,7-Sep-18,9,0,4,112,15-Nov-54,,3
143,"Collingwood, Irene H",13/07/2015,,6,1,4,83,28-Mar-84,,4
144,"Rasul, Jean W",1/1/2015,,8,1,2,82,21-Aug-82,,4
145,"Devlin, Graham I",5/3/2015,,1,0,3,139,5-Oct-70,,6
146,"Swart, Andrew R",1/1/2015,27-Jun-23,9,0,5,112,20-Dec-83,,3
147,"Wright, Laura R",1/1/2015,15-Jan-17,4,1,5,76,20-Jul-57,,3
148,"Parkes, George I",25/12/2015,,2,0,4,90,8-Mar-83,,3
149,"Robinson, Colin L",1/1/2015,,8,0,4,82,28-Jun-66,,4
150,"Hulme, Brigitte B",3/4/2015,,1,1,5,139,11-May-75,,6
151,"Barrett, Kenneth A",1/1/2015,15-Jun-21,7,0,2,126,28-Oct-69,,4
152,"Murray, Thomas K",12/3/2015,10-Feb-24,9,0,3,146,10-May-65,,4
153,"Lovett, John C",1/1/2015,4-Aug-19,7,0,2,126,11-Sep-62,,4
154,"Goddard, Arthur E",21/12/2016,,7,0,4,126,11-Mar-65,,4
155,"Dawber, Phyllis N",1/1/2015,19-Aug-22,9,1,4,146,20-Feb-78,,4
156,"Leyland, Simone I",1/1/2015,,4,1,2,147,21-Feb-47,,4
157,"Geraghty, Davide M",1/1/2015,26-Apr-23,4,0,1,147,1-Jan-62,,4
158,"Mistry, Colin D",1/1/2015,22-Dec-17,3,0,2,130,21-Jan-80,,4
159,"Gibbs, Paul I",13/02/2016,7-Feb-21,6,0,3,143,12-Dec-57,,5
160,"Devlin, Selina E",20/01/2015,,9,1,2,146,1-May-70,,4
161,"Turner, Bhavna S",1/1/2015,3-Dec-22,2,1,4,90,10-Apr-66,,3
162,"Crompton, Kay E",16/06/2015,,2,1,1,161,4-Dec-68,,4
163,"Fleet, Sally O",1/1/2015,,1,1,1,139,3-Oct-76,,6
164,"Murray, Simone D",1/1/2015,12-Oct-18,10,1,2,117,7-Feb-64,,5
165,"Jones, Venetia Z",1/1/2015,9-Apr-17,5,1,2,100,29-Jan-73,,3
166,"Turner, Noella J",1/1/2015,,8,1,3,82,18-Dec-84,,4
167,"Wright, Andrew J",1/1/2015,24-Jan-19,8,0,1,82,29-Jun-68,,4
168,"Powell, Elsie J",1/1/2015,,10,1,5,117,10-Nov-74,,5
169,"Parrett, Samantha K",15/01/2016,,7,1,4,126,15-May-85,,4
170,"Roberts, Daniel X",22/06/2015,,6,0,1,143,24-Nov-74,,5
171,"Kralj, Janet Z",30/03/2016,,1,1,2,139,24-Dec-64,,6
172,"Green, Francis A",1/1/2015,,4,0,2,147,8-Dec-72,,4
173,"Mistry, Amanda F",27/10/2015,22-Aug-18,2,1,2,161,24-Dec-73,,4
174,"Norman, Elisabeth Z",1/1/2015,23-Aug-23,9,1,3,146,14-Jun-66,,4
175,"MacMillan, Gary M",1/1/2015,4-Aug-20,4,0,4,147,31-Mar-67,,4
176,"Jackson, Ann G",11/5/2015,,5,1,2,165,27-Nov-90,,4
177,"Andrews, Rosalie M",27/08/2015,3-Jun-21,4,1,4,147,27-Mar-69,,4
178,"John, Brigitte R",1/1/2015,6-Jul-17,1,1,1,139,14-Feb-56,,6
179,"Choi, Antony C",1/1/2015,,1,0,2,139,22-May-76,,6
180,"Seabrook, Bevis G",23/07/2015,19-May-22,8,0,1,82,6-May-62,,4
181,"Watt, Jean K",1/1/2015,,8,1,2,180,4-May-71,,5
182,"Woolley, Colin F",2/9/2015,,7,0,3,126,31-Dec-51,,4
183,"Channing, Gillian X",1/1/2015,30-Jun-15,7,1,3,126,12-Jun-65,,4
184,"MacMillan, Kathleen C",1/1/2015,11-Jun-18,6,1,4,143,26-Mar-88,,5
185,"Fleet, Elisabeth E",1/1/2015,10-Apr-23,7,1,5,183,30-Aug-81,,5
186,"Gore, Lynnette S",14/04/2015,,1,1,2,179,5-Aug-65,,7
187,"Jackson, Clare C",1/1/2015,,5,1,4,165,31-Oct-61,,4
188,"Jarvis, Andrew A",1/1/2015,,4,0,3,147,5-Nov-72,,4
189,"Robinson, Jean W",1/1/2015,,5,1,4,165,4-Feb-74,,4
190,"Ewart, Saleha I",1/1/2015,5-Jul-16,7,1,1,183,15-Oct-75,,5
191,"Turner, Robert V",1/1/2015,,10,0,3,117,1-Jun-71,,5
192,"Henry, Davide D",12/8/2015,6-Jun-21,5,0,4,165,3-May-79,,4
193,"Marsden, Hannah R",9/8/2015,,7,1,3,183,10-Jul-76,,5
194,"Parkes, Steven F",1/1/2015,,8,0,1,180,28-Dec-63,,5
195,"Mongan, Samantha H",6/11/2016,3-Nov-21,5,1,3,165,11-Nov-96,,4
196,"Goddard, Josie Q",26/01/2016,,4,1,1,188,2-Jun-79,,5
197,"Housley, Harry U",16/02/2015,,6,0,4,143,21-Feb-95,,5
198,"McCarthy, Liam O",28/04/2016,,9,0,1,146,7-Jan-53,,4
199,"Gore, Elisabeth O",1/1/2015,15-Jun-19,5,1,2,165,27-Apr-57,,4
200,"Colley, Lesley Q",1/1/2015,,6,1,2,143,22-Jul-72,,5
201,"Dawber, Michael I",1/1/2015,6-Jun-15,7,0,4,183,2-Aug-86,,5
202,"Robinson, Leslie N",19/09/2015,27-Jul-19,3,0,3,130,8-Nov-66,,4
203,"Watt, Amanda W",19/05/2016,17-Jun-22,3,1,2,130,8-Oct-76,,4
204,"Ranson, Rajesh H",1/1/2015,,3,0,4,130,6-Jan-95,,4
205,"Simpson, Eileen L",25/06/2015,21-Jul-23,4,1,2,188,1-May-67,,5
206,"Goddard, Simone F",1/1/2015,,6,1,5,143,10-Mar-80,,5
207,"King, Philip J",1/1/2015,17-Apr-16,4,0,5,188,10-Dec-73,,5
208,"Bennett, Lynnette U",26/10/2015,,10,1,5,117,7-Feb-74,,5
209,"Jarvis, Ripduman H",1/1/2015,,10,1,5,117,24-Mar-54,,5
210,"Turner, Dimitrios V",1/1/2015,16-Apr-18,1,0,5,179,4-Nov-76,,7
211,"Primrose, Adele D",12/3/2015,19-Apr-16,2,1,5,161,28-Oct-87,,4
212,"Woolley, Darren H",1/1/2015,,1,0,2,179,5-Oct-81,,7
213,"Nash, Joanne B",4/1/2016,,10,1,1,209,6-Jan-72,,6
214,"Nash, Paul M",20/10/2015,11-Oct-16,2,0,5,161,17-Nov-85,,4
215,"Nielson, Nuala K",20/07/2016,16-Aug-19,10,1,4,209,31-Jul-87,,6
216,"King, Kevin X",20/07/2016,,10,0,3,209,25-Jul-96,,6
217,"Lewis, Kay W",14/08/2016,16-Oct-20,8,1,3,180,7-Sep-68,,5
218,"Gorton, Dimitrios J",1/1/2015,,3,0,3,204,15-Jan-76,,5
219,"Coppin, Alison I",1/1/2015,,4,1,4,188,20-Apr-72,,5
220,"Haigh, Richard W",27/12/2015,,1,0,1,179,10-Oct-65,,7
221,"Sheldrick, Joseph X",1/1/2015,,8,0,2,180,30-Jan-79,,5
222,"Shelley, Jill Q",4/9/2015,,8,1,2,180,31-Oct-80,,5
223,"Colley, Brenda A",1/1/2015,,6,1,4,206,27-Apr-75,,6
224,"MacMillan, Amanda G",14/12/2015,,9,1,3,146,21-Sep-70,,4
225,"Norman, Anna H",1/1/2015,,4,1,2,188,10-Jul-80,,5
226,"Devlin, Stuart L",1/1/2015,22-Jun-17,1,0,4,179,13-Dec-70,,7
227,"Kralj, Ian R",1/1/2015,,2,0,1,161,19-May-68,,4
228,"Webb, Andrew G",4/3/2015,6-Jul-18,6,0,3,206,22-Dec-73,,6
229,"Roberts, Angela F",1/1/2015,,10,1,5,209,12-Jun-72,,6
230,"Ewart, Ann Y",1/1/2015,,7,1,2,183,22-Mar-75,,5
231,"Colley, Selina K",29/05/2016,,4,1,3,188,25-Mar-80,,5
232,"Marsden, David A",24/07/2015,13-Jun-21,8,0,2,180,27-Feb-79,,5
233,"Dawber, Rajesh V",1/1/2015,23-Feb-16,10,0,5,209,22-Dec-81,,6
234,"Scholes, Sonia G",17/08/2015,19-Mar-19,9,1,3,224,18-Feb-68,,5
235,"Watt, Christopher K",1/1/2015,,8,0,2,232,30-Jan-81,,6
236,"Crompton, Sally S",19/05/2016,15-Oct-23,9,1,4,224,16-Dec-88,,5
237,"Powell, Daniel H",28/10/2016,,8,0,3,232,28-Oct-85,,6
238,"Turner, Julie P",24/10/2016,,1,1,5,179,10-Jul-77,,7
239,"Standen, Herbert V",19/05/2016,,7,0,1,183,30-Dec-76,,5
240,"Rasul, Dimitrios M",26/12/2015,,2,0,5,161,10-Apr-69,,4
241,"Goddard, Gary S",1/1/2015,,9,0,2,224,18-Sep-77,,5
242,"King, David C",25/08/2015,,8,0,2,232,30-Mar-74,,6
243,"Sheldrick, Nazma V",1/1/2015,11-Aug-22,5,1,3,199,11-Jan-60,,5
244,"Deering, Clare M",1/1/2015,,1,1,5,238,21-Apr-81,,8
245,"Seabrook, Davide I",4/8/2015,,6,0,1,206,28-Aug-65,,6
246,"Goddard, Brenda X",31/07/2015,,4,1,5,231,6-Sep-49,,6
247,"Primrose, Lisa O",1/1/2015,24-Mar-23,6,1,5,206,12-Mar-72,,6
248,"Jackson, Carmel X",1/1/2015,,1,1,5,238,3-Jan-72,,8
249,"Fleet, Leigh F",1/1/2015,,3,0,1,204,17-Mar-75,,5
250,"Hardy, Margaret E",19/02/2015,29-Jun-17,2,1,2,240,18-Mar-68,,5
251,"Jarvis, John E",1/1/2015,,5,0,5,199,12-Jul-75,,5
252,"Gibbs, John V",1/1/2015,,6,0,2,206,25-Apr-67,,6
253,"Johnson, William P",7/9/2015,24-Apr-21,4,0,5,231,23-May-80,,6
254,"Lovett, Arthur C",19/04/2016,18-Apr-20,7,0,1,239,25-Jul-67,,6
255,"Rutherford, Bruno V",1/1/2015,,5,0,1,199,3-Nov-74,,5
256,"Primrose, Andree M",30/11/2015,,10,1,1,209,14-Mar-70,,6
257,"Goddard, Gordon O",9/5/2015,15-Sep-18,4,0,2,231,29-Nov-80,,6
258,"Pryde, Simon U",1/1/2015,,2,0,5,240,9-Aug-86,,5
259,"Shelley, Frank R",1/1/2015,,1,0,5,238,1-Nov-70,,8
260,"Norman, Kathleen A",1/1/2015,,6,1,2,206,30-Jul-77,,6
261,"Rasul, Eunice I",1/1/2015,,7,1,2,239,16-Apr-78,,6
262,"Shute, Steven K",25/09/2015,,3,0,5,204,20-Jun-71,,5
263,"Kenney, Yvonne W",11/6/2016,,6,1,4,260,24-Oct-62,,7
264,"Woodbridge, Colin O",1/1/2015,21-Apr-23,9,0,5,224,16-Oct-66,,5
265,"Parrett, Bevis A",1/1/2015,,6,0,1,260,23-Feb-74,,7
266,"Shelley, Leigh D",31/03/2015,9-Jun-19,2,0,1,240,15-Aug-77,,5
267,"Lamb, Lynnette P",1/1/2015,,5,1,3,199,20-May-82,,5
268,"Morris, Ann G",1/1/2015,,3,1,1,204,14-Aug-63,,5
269,"Polizzi, Tirzah U",10/5/2015,,6,1,4,260,17-Sep-68,,7
270,"Mongan, Chi D",28/02/2015,,4,0,4,231,4-Jan-80,,6
271,"Sheldrick, Josie Z",26/09/2015,,2,1,3,240,14-Sep-73,,5
272,"Kenney, Margaret H",1/10/2015,,2,1,4,240,6-Mar-73,,5
273,"Parkes, Colin V",12/4/2015,12-Aug-17,10,0,5,256,24-Jan-55,,7
274,"Woolley, Christopher N",1/1/2015,,3,0,2,204,2-Sep-78,,5
275,"Leyland, Samantha E",1/1/2015,12-Sep-20,10,1,1,256,27-Nov-59,,7
276,"Hyslop, Darren V",19/06/2015,24-Oct-21,10,0,1,256,22-Nov-58,,7
277,"Marsden, Tirzah G",1/6/2017,,4,1,1,231,23-Dec-85,,6
278,"Watt, Syed M",6/2/2015,,4,0,2,231,31-Dec-74,,6
279,"Gore, Tirzah J",22/08/2016,,5,1,2,199,8-Feb-83,,5
280,"Hardy, Daniel Z",7/2/2016,,1,0,4,238,27-Nov-63,,8
281,"Lovett, Simon F",1/1/2015,,10,0,4,256,2-May-78,,7
282,"Jackson, Bruno D",1/2/2016,,9,0,4,224,14-Feb-70,,5
283,"Dawber, Bevis R",13/11/2015,,9,0,1,224,11-Apr-75,,5
284,"Ewart, Andree Y",16/03/2017,,9,1,1,283,1-Mar-80,,6
285,"Lovett, Julie X",23/04/2015,12-Apr-20,3,1,4,204,13-Feb-76,,5
286,"Devlin, Shane S",12/8/2016,,4,0,3,278,20-Mar-54,,7
287,"Polizzi, Peter H",29/07/2015,27-May-21,7,0,2,239,27-May-70,,6
288,"Swart, Giulio W",11/7/2015,,8,0,1,232,7-Dec-77,,6
289,"Kenney, Darren M",1/1/2015,,7,0,2,239,9-Jan-76,,6
290,"Gilroy, Richard H",1/1/2015,28-Oct-18,1,0,3,238,14-Jun-81,,8
291,"Rawson, Kay I",1/1/2015,,3,1,3,285,13-Apr-68,,6
292,"Housley, Giulio X",2/6/2015,15-Sep-22,3,0,5,285,10-Apr-61,,6
293,"Ewart, Venetia B",1/10/2015,14-May-16,6,1,5,260,13-Aug-80,,7
294,"Massie, Diana B",1/1/2015,,6,1,2,260,22-Sep-74,,7
295,"Goddard, Peter Z",1/1/2015,,1,0,1,238,24-Mar-71,,8
296,"Kenney, John F",26/01/2015,,7,0,1,239,12-Mar-62,,6
297,"Primrose, Ann V",1/1/2015,,5,1,2,199,26-Mar-45,,5
298,"Stevenson, Bevis E",1/1/2015,,3,0,1,285,11-Jun-69,,6
299,"Lloyd, Lisa K",1/1/2015,18-May-22,5,1,4,297,29-Jul-78,,6
300,"Brant, Elsie Y",10/9/2016,22-Feb-18,4,1,2,278,26-Jul-81,,7
301,"Shute, Joanna Y",12/7/2015,28-Sep-20,6,1,5,260,27-Dec-75,,7
302,"Goddard, Simon U",1/1/2015,,5,0,5,297,21-Jul-65,,6
303,"Haigh, Clare T",1/1/2015,19-Sep-18,10,1,5,256,19-Apr-64,,7
304,"Crompton, Anne G",2/4/2015,,9,1,1,283,4-Sep-86,,6
305,"Mistry, Nicholas N",1/1/2015,4-Apr-23,5,0,2,297,1-Oct-68,,6
306,"McCarthy, Adele C",5/11/2015,,6,1,4,301,25-Apr-66,,8
307,"Norman, Martin E",1/1/2015,,9,0,5,283,17-May-87,,6
308,"Mongan, Anna H",1/1/2015,,6,1,5,301,24-Dec-79,,8
309,"Rawson, Jonathan U",24/05/2015,26-Sep-17,4,0,1,278,17-Jun-69,,7
310,"Nielson, Edward E",1/1/2015,,1,0,3,295,28-Feb-70,,9
311,"Jarvis, William U",1/1/2015,2-Sep-19,6,0,4,301,4-Feb-89,,8
312,"Gorton, Julie G",1/1/2015,,8,1,1,232,2-Jun-65,,6
313,"Gore, Gwendolyn V",1/1/2015,16-Jun-23,10,1,4,256,19-Jan-77,,7
314,"King, Nicholas G",1/1/2015,3-Apr-19,4,0,3,278,11-Jun-78,,7
315,"Kralj, Herbert V",8/7/2015,,5,0,2,297,29-Jan-69,,6
316,"Deering, Nicola F",1/1/2015,9-Jul-21,9,1,4,283,17-Nov-70,,6
317,"Collingwood, Bevis W",2/3/2016,7-Jul-21,4,0,3,278,24-Feb-68,,7
318,"Simpson, Carmel L",6/3/2016,,8,1,3,232,18-May-66,,6
319,"Rawson, Janet J",27/05/2015,,1,1,4,295,5-Nov-90,,9
320,"Coppin, Sonia K",1/1/2015,,5,1,4,297,8-Oct-67,,6
321,"Colley, Tracey A",1/1/2015,19-Jun-16,3,1,2,285,9-Jul-66,,6
322,"Shearer, Martin X",1/1/2015,12-Jul-19,8,0,5,318,10-Nov-89,,7
323,"Dawber, Leslie Q",10/3/2015,,8,0,2,318,15-Mar-95,,7
324,"Channing, Jane Z",1/1/2015,,8,1,5,318,15-Dec-86,,7
325,"Devlin, Anne L",1/5/2015,,8,1,3,318,4-Mar-77,,7
326,"Gadd, Morag V",1/1/2015,,8,1,1,318,12-Nov-93,,7
327,"Nielson, Julie T",1/1/2015,,9,1,3,283,2-Sep-73,,6
328,"Swart, Joanna A",29/09/2015,18-May-16,3,1,5,285,4-Feb-71,,6
329,"Gibbs, Paul H",1/1/2015,,6,0,4,301,10-Aug-71,,8
330,"Woodbridge, Catherine I",3/6/2017,,1,1,5,295,14-Jul-72,,9
331,"Barrett, Angela W",11/5/2016,20-Jun-23,8,1,1,318,29-Feb-72,,7
332,"McCarthy, Leslie U",1/1/2015,,4,0,1,278,20-Nov-76,,7
333,"Fleet, Joanna S",1/1/2015,,9,1,2,283,31-Oct-77,,6
334,"Woodbridge, Colin P",1/1/2015,20-Jul-21,3,0,3,285,6-Jan-95,,6
335,"Gorton, Frances E",18/05/2015,,1,1,2,295,7-Jun-80,,9
336,"Smith, Joanna J",1/1/2015,,5,1,5,297,10-Aug-79,,6
337,"Wynn, Eunice X",1/1/2015,,1,1,5,295,24-Oct-70,,9
338,"Coombs, Darren U",1/1/2015,26-Apr-21,7,0,5,239,30-May-55,,6
339,"Haigh, Joanne U",20/10/2016,,10,1,4,313,28-Dec-77,,8
340,"Seabrook, George X",1/1/2015,,9,0,1,333,19-Feb-79,,7
341,"Lloyd, Diana Z",15/07/2015,,8,1,1,331,20-Jun-77,,8
342,"Henry, Syed A",20/01/2016,,6,0,1,301,23-Jan-75,,8
343,"Wynn, Gary W",21/01/2015,2-Dec-22,10,0,1,313,22-Sep-89,,8
344,"Goddard, Catherine Q",1/1/2015,,2,1,2,240,18-May-76,,5
345,"Morris, Paulin C",3/1/2015,14-Jan-21,2,0,3,344,4-Jun-71,,6
346,"MacMillan, Saleha M",1/1/2015,,6,1,1,301,21-May-70,,8
347,"Gibbs, Gary P",31/12/2016,5-Jun-22,4,0,4,332,24-Apr-88,,8
348,"Dawber, Grace Q",7/7/2015,15-Sep-18,7,1,4,338,6-Oct-72,,7
349,"Fleet, Judy M",26/01/2015,,8,1,2,331,6-Nov-80,,8
350,"Mistry, Roger I",17/07/2015,7-Jan-19,10,0,1,313,7-Mar-79,,8
351,"Woolley, Patricia C",4/3/2017,27-Jun-19,8,1,2,331,6-Oct-74,,8
352,"Hyslop, Antony C",1/1/2015,,9,0,5,333,1-Sep-66,,7
353,"Gore, Joanna E",1/1/2015,16-Aug-20,1,1,3,295,14-Oct-79,,9
354,"Johnson, Eunice R",1/1/2015,,2,1,4,344,14-Oct-73,,6
355,"Colley, Miroslawa P",1/1/2015,,5,1,2,336,7-Jul-76,,7
356,"Seabrook, Patricia D",1/1/2015,29-Mar-21,10,1,3,313,3-Dec-53,,8
357,"Pooley, Syed L",25/02/2016,25-Jun-23,3,0,1,334,16-Jul-70,,7
358,"Watt, Darren T",1/1/2015,4-Apr-17,7,0,3,338,8-Oct-82,,7
359,"Lovett, Anastasia D",1/1/2015,,9,1,1,333,31-Aug-71,,7
360,"John, Richard Z",25/04/2016,,6,0,2,346,31-Jul-87,,9
361,"Haigh, Iris J",11/1/2015,21-Apr-19,9,1,1,333,14-Jul-76,,7
362,"Brant, Nicholas Q",24/01/2015,,7,0,1,338,17-Apr-79,,7
363,"Colley, Tracey Z",21/03/2016,,4,1,3,332,19-Feb-87,,8
364,"Barrett, Paul T",21/02/2015,20-Jul-23,1,0,2,353,18-Mar-83,,10
365,"Colley, Francis D",24/11/2017,,4,0,4,332,21-Sep-78,,8
366,"Pooley, Kathryn O",13/07/2015,,9,1,5,333,22-Mar-64,,7
367,"Scholes, Daniel F",11/6/2015,,4,0,5,332,11-Nov-60,,8
368,"Nash, Chi P",3/6/2016,1-May-22,7,0,3,338,27-Feb-85,,7
369,"Watt, Karen X",5/5/2017,,1,1,4,353,12-Mar-70,,10
370,"Pryde, Miroslawa Q",1/1/2015,15-Oct-15,5,1,3,336,29-Nov-66,,7
371,"MacMillan, Anastasia B",1/1/2015,,3,1,4,334,8-Feb-56,,7
372,"Brant, Bevis R",3/6/2015,,1,0,1,353,17-Aug-92,,10
373,"Rawson, Judy U",1/1/2015,8-Jun-15,4,1,3,332,20-May-80,,8
374,"Bennett, Bhavna A",1/1/2015,,9,1,2,333,29-Jan-90,,7
375,"Coppin, Lynette P",1/1/2015,,6,1,4,346,30-Mar-82,,9
376,"Goddard, Adrian D",1/1/2015,,5,0,5,336,29-Oct-68,,7
377,"Johnson, Daniel A",1/1/2015,,7,0,3,338,27-Mar-93,,7
378,"Murray, Colin W",1/1/2015,25-Oct-22,6,0,1,346,25-Oct-70,,9
379,"Mistry, Antony A",20/05/2015,,6,0,1,346,20-Jun-70,,9
380,"Dawber, Edward E",19/03/2016,,3,0,1,334,22-Aug-83,,7
381,"Shute, Morag S",3/3/2015,,5,1,2,336,15-Jan-59,,7
382,"Gorton, Adele I",1/1/2015,,10,1,2,313,17-Sep-73,,8
383,"Rawson, Kathryn M",16/07/2015,,8,1,5,331,21-Sep-80,,8
384,"Nielson, Lesley X",26/06/2015,,10,1,4,313,10-Jun-75,,8
385,"Woolley, Jeanne A",1/1/2015,,1,1,4,353,6-Jan-95,,10
386,"Polizzi, Arthur P",16/03/2016,,4,0,1,332,8-Dec-70,,8
387,"McCarthy, Leslie E",1/1/2015,31-May-20,5,0,1,336,1-Feb-92,,7
388,"Mills, Anna M",1/1/2015,,1,1,4,353,4-Jul-74,,10
389,"Powell, Nicola C",12/1/2015,,10,1,5,384,17-Jul-84,,9
390,"Parkes, Kathleen U",1/1/2015,,3,1,4,334,8-Jan-89,,7
391,"Standen, Sharmin E",17/01/2016,18-Dec-22,2,1,4,344,4-Apr-64,,6
392,"Swart, Shane C",26/06/2016,,7,0,1,338,4-Mar-83,,7
393,"Standen, Noella C",1/1/2015,,6,1,3,346,14-Jan-77,,9
394,"Dawber, Nuala C",25/08/2016,27-Sep-23,1,1,5,353,15-Aug-72,,10
395,"Pooley, Herbert S",1/1/2015,,2,0,5,344,5-Mar-67,,6
396,"McCarthy, Rajesh W",3/7/2015,,5,0,1,336,24-Mar-71,,7
397,"Lloyd, Chi F",1/1/2015,,2,0,2,344,28-Mar-69,,6
398,"Johnson, Gary Q",4/2/2016,,2,0,5,344,16-Aug-78,,6
399,"Seabrook, David X",1/1/2015,,10,0,3,384,8-Mar-69,,9
400,"Jackson, Christopher Z",1/1/2015,,8,0,3,331,6-Nov-68,,8
401,"John, George N",10/4/2016,1-Oct-17,3,0,3,334,28-Apr-94,,7
402,"Haigh, Jayne P",7/3/2015,,10,1,4,384,10-Jan-81,,9
403,"Fleet, Gary Y",1/1/2015,,10,0,4,384,28-Nov-70,,9
404,"Hardy, Kay O",29/09/2015,,10,1,4,384,12-Nov-77,,9
405,"MacMillan, Harry H",31/12/2016,,2,0,4,398,27-Feb-81,,7
406,"Robinson, Joanna D",12/8/2015,,9,1,2,374,18-Dec-81,,8
407,"Robinson, Antony Y",29/05/2015,,5,0,2,396,27-Aug-73,,8
408,"Gorton, Emma V",1/1/2015,,5,1,1,396,20-Jan-70,,8
409,"Richards, Diane P",1/1/2015,11-May-20,5,1,3,396,7-Jul-72,,8
410,"Ranson, Kevin J",27/09/2017,,3,0,4,334,13-Jun-82,,7
411,"Johnson, Lynette C",22/07/2015,,1,1,4,394,23-Jul-77,,11
412,"Devlin, Jayne W",15/11/2016,,7,1,2,392,10-May-76,,8
413,"Wynn, Gill P",10/9/2017,,4,1,3,386,18-Nov-69,,9
414,"Barrett, Irene M",1/1/2015,27-Dec-16,7,1,5,392,7-Feb-77,,8
415,"Andrews, Rosalie N",25/11/2015,,10,1,3,384,7-Jan-85,,9
416,"Standen, Kenneth V",1/1/2015,19-Jul-23,10,0,5,415,6-May-63,,10
417,"Dingley, Dimitrios M",1/1/2015,,5,0,5,396,6-Mar-64,,8
418,"Nielson, Ripduman Q",1/1/2015,,3,1,2,410,15-May-74,,8
419,"MacMillan, Lesley J",2/5/2015,,8,1,2,331,2-Apr-66,,8
420,"Henry, Grace Y",2/2/2015,6-Apr-16,8,1,3,419,18-Dec-68,,9
421,"Fleet, Diana J",6/2/2015,14-Aug-22,10,1,4,415,8-Sep-66,,10
422,"Johnson, Simone Z",1/1/2015,9-Jun-18,7,1,2,392,18-Feb-72,,8
423,"Rutherford, Elsie W",18/11/2015,,7,1,2,392,23-Jan-81,,8
424,"Kenney, Lynnette I",9/1/2016,,6,1,4,346,28-Oct-92,,9
425,"Woolley, Karen M",22/01/2015,29-Jun-22,5,1,1,396,16-Apr-73,,8
426,"Gore, Yvonne R",1/1/2015,14-Mar-20,3,1,3,410,8-Mar-71,,8
427,"Roberts, Anna C",1/1/2015,,3,1,3,410,11-Jun-72,,8
428,"Brant, Kathryn D",1/8/2015,,7,1,4,392,22-May-67,,8
429,"John, Dimitrios X",26/01/2016,,3,0,5,410,1-Nov-86,,8
430,"Dawber, Ian W",15/05/2016,1-Apr-23,3,0,2,410,21-Oct-73,,8
431,"Hulme, Gwendolyn G",28/03/2016,,9,1,1,374,13-Jun-71,,8
432,"Dawber, Kenneth M",15/11/2015,,6,0,1,424,12-Jan-60,,10
433,"Hyslop, Leonard V",1/1/2015,,8,0,2,419,16-Jul-75,,9
434,"Watt, Carol T",11/4/2015,,4,1,4,386,19-Oct-76,,9
435,"King, Gwendolyn M",1/1/2015,,9,1,4,374,3-Jul-74,,8
436,"Murray, Jonathan P",29/09/2015,3-Aug-23,6,0,4,424,12-Sep-76,,10
437,"Scholes, Joanne K",1/1/2015,,4,1,1,386,24-Aug-73,,9
438,"Massie, Saleha K",1/1/2015,,7,1,4,392,28-Feb-86,,8
439,"Watt, Kenneth Y",1/1/2015,,7,0,5,438,14-Mar-89,,9
440,"Hardy, Patricia Q",1/1/2015,22-Jul-20,2,1,5,398,8-Sep-79,,7
441,"Morris, Nishma U",20/01/2015,4-Aug-16,5,1,4,396,22-Apr-79,,8
442,"Shelley, Katie A",12/9/2015,,9,1,5,374,6-Dec-71,,8
443,"Richardson, Margaret U",1/1/2015,22-Jul-23,8,1,2,419,20-Jul-79,,9
444,"Field, Sonia R",27/07/2016,,8,1,1,419,15-Dec-76,,9
445,"Parrett, Iris D",26/11/2015,15-May-21,6,1,3,424,20-Oct-67,,10
446,"Robinson, Nazma U",23/01/2015,,2,1,2,398,26-Feb-58,,7
447,"Seabrook, Paulin E",1/1/2015,,5,0,2,441,9-May-82,,9
448,"Devlin, Anne Y",1/1/2015,,7,1,5,438,6-Jul-60,,9
449,"Walmsley, Antony P",28/08/2015,,1,0,2,394,15-May-63,,11
450,"Gibbs, Joanne V",8/10/2016,,1,1,5,394,13-Oct-96,,11
451,"Wright, Elisabeth G",1/1/2015,13-Dec-21,3,1,2,410,13-Oct-67,,8
452,"Coppin, Kathryn O",1/1/2015,,4,1,5,386,29-Feb-72,,9
453,"Gilroy, Carol I",23/09/2016,,3,1,4,451,2-Mar-74,,9
454,"Dawber, Diane I",7/8/2015,,9,1,3,374,5-Jul-66,,8
455,"Fleet, Arthur E",1/1/2015,,5,0,1,441,7-Jun-62,,9
456,"Woodbridge, Roy S",24/05/2015,,3,0,4,451,8-Feb-75,,9
457,"Morris, Arthur M",1/1/2015,2-Jul-20,7,0,5,438,20-Jul-62,,9
458,"Johnson, Darren K",1/1/2015,,2,0,3,398,14-Nov-79,,7
459,"Jarvis, John D",1/1/2015,19-Apr-18,6,0,1,424,14-Sep-72,,10
460,"Murray, Paulin N",9/5/2015,,7,0,4,438,26-Dec-72,,9
461,"Shearer, Anastasia G",22/02/2016,2-Jun-18,6,1,3,424,15-Nov-69,,10
462,"Turner, Lesley G",25/01/2016,,2,1,3,398,15-Sep-76,,7
463,"John, Harry G",1/1/2015,1-Apr-20,10,0,5,415,28-Oct-65,,10
464,"Webb, Kathryn E",1/1/2015,15-Jun-22,2,1,2,398,31-Jul-65,,7
465,"Shute, Adrian T",18/03/2016,25-Apr-22,5,0,2,441,23-Apr-89,,9
466,"Mistry, Saleha Z",4/2/2015,,5,1,1,441,3-Mar-81,,9
467,"Devlin, Diane R",5/4/2015,,10,1,5,415,8-Dec-73,,10
468,"Stevenson, Alan U",2/6/2015,,1,0,2,394,24-Jul-84,,11
469,"Murray, David D",22/11/2015,,8,0,3,419,8-Mar-60,,9
470,"Gorton, Bhavna U",1/1/2015,,3,1,4,451,12-Jul-70,,9
471,"Nash, Iris P",1/1/2015,,2,1,4,464,20-Jan-68,,8
472,"Hyslop, Edward O",1/1/2015,,7,0,1,438,29-Nov-71,,9
473,"Woodbridge, Timothy P",1/1/2015,,8,0,5,419,4-Dec-81,,9
474,"Woolley, Adam V",1/1/2015,20-Apr-21,2,0,4,464,26-Mar-71,,8
475,"Nielson, Colin D",1/1/2015,,8,0,5,473,11-Jul-77,,10
476,"Gilroy, Joseph Q",10/11/2015,,6,0,2,424,21-Jul-87,,10
477,"Shute, Frank H",1/1/2015,5-Jun-19,1,0,4,394,22-Nov-55,,11
478,"Mead, Gordon G",8/5/2016,,4,0,1,386,25-Feb-86,,9
479,"Coombs, Maureen M",1/1/2015,,3,1,1,451,7-Mar-76,,9
480,"Lewis, Phyllis E",27/06/2015,,1,1,3,394,2-Oct-71,,11
481,"Deering, Brenda I",1/5/2015,29-Jul-19,10,1,5,415,1-Aug-88,,10
482,"Stevenson, Carmel E",1/1/2015,3-Jul-16,5,1,1,441,13-Oct-83,,9
483,"Wright, James T",23/04/2015,,1,0,3,480,12-May-63,,12
484,"Walmsley, Noella H",1/1/2015,,7,1,5,438,10-Sep-84,,9
485,"Shearer, Philip X",24/09/2015,,8,0,4,473,8-Nov-73,,10
486,"Walmsley, Joanna V",1/1/2015,10-May-17,9,1,1,374,23-Nov-69,,8
487,"Crompton, Grace D",10/4/2016,,6,1,5,476,20-Feb-72,,11
488,"Marsden, Peter F",1/1/2015,17-Jun-15,7,0,2,484,3-Mar-71,,10
489,"Ranson, Joanne D",1/1/2015,18-Mar-17,1,1,3,480,6-Nov-77,,12
490,"Mills, Herbert H",4/3/2015,,8,0,1,473,7-May-71,,10
491,"MacMillan, Alan U",9/7/2015,,2,0,5,464,9-Sep-68,,8
492,"Dawber, Liam B",1/1/2015,,5,0,2,441,19-Jan-90,,9
493,"Richardson, Elizabeth F",1/1/2015,,2,1,2,464,25-Dec-74,,8
494,"Powell, Colin T",30/06/2015,,9,0,1,486,5-Jul-95,,9
495,"Woodbridge, Maureen W",16/06/2015,15-Jan-20,4,1,4,386,3-Oct-86,,9
496,"Richards, Nicola Y",1/1/2015,,5,1,1,492,27-Dec-77,,10
497,"Shute, Anna I",6/11/2016,,5,1,2,492,22-Dec-64,,10
498,"Fleet, Jayne K",1/1/2015,,3,1,5,451,6-Jun-67,,9
499,"Kenney, Peter M",1/1/2015,,5,0,1,492,8-Jan-68,,10
500,"Field, Miroslawa C",1/1/2015,24-Nov-19,3,1,4,451,2-Apr-73,,9
501,"Turner, Herbert O",28/11/2015,29-May-21,4,0,1,495,24-Nov-75,,10
502,"Channing, Grace J",1/1/2015,27-Sep-19,6,1,1,476,10-Dec-62,,11
503,"Seabrook, Dimitrios W",22/10/2015,24-Nov-20,9,0,4,486,29-Jan-73,,9
504,"Kenney, Kay Q",29/05/2015,27-Aug-22,10,1,1,415,31-Dec-72,,10
505,"Shelley, Carmel C",1/1/2015,,4,1,1,495,18-Jul-79,,10
506,"Cousins, Sally U",24/08/2016,,2,1,1,464,7-May-81,,8
507,"Polizzi, Angela C",1/1/2015,,10,1,4,504,17-Mar-71,,11
508,"Hardy, Noella T",23/02/2015,,3,1,2,500,15-Dec-76,,10
509,"Mead, Sonia C",2/5/2015,16-Mar-21,8,1,1,473,29-Nov-79,,10
510,"Henry, Francis V",1/1/2015,,5,0,3,492,22-Dec-91,,10
511,"Watt, Harry K",1/1/2015,13-Jun-23,3,0,5,500,29-Sep-64,,10
512,"Rutherford, Leonard N",5/11/2015,,4,0,3,495,23-Jul-93,,10
513,"Walmsley, Sonia S",22/04/2016,20-May-19,1,1,2,480,5-Mar-77,,12
514,"Mead, Adam R",3/4/2015,28-Dec-15,8,0,5,473,3-Jan-94,,10
515,"Lovett, Sandra X",1/1/2015,,2,1,4,464,11-May-84,,8
516,"Rawson, Daniel F",1/1/2015,,8,0,3,473,3-Oct-77,,10
517,"Stevenson, Leonard C",29/10/2016,,6,0,4,476,5-Jan-71,,11
518,"Ranson, Thomas L",24/12/2015,,6,0,3,476,24-Nov-82,,11
519,"Murray, Ann T",1/1/2015,,10,1,5,504,13-Jul-72,,11
520,"Colley, Leonard W",15/07/2016,,8,0,3,516,26-Jul-77,,11
521,"Hulme, Simon L",1/1/2015,2-Sep-23,8,0,2,516,16-Dec-90,,11
522,"Ranson, Kevin H",20/02/2015,,3,0,2,500,6-Feb-71,,10
523,"Crompton, Colette C",29/04/2015,,1,1,4,480,3-Dec-88,,12
524,"Rasul, Herbert S",1/1/2015,,10,0,3,504,1-Feb-83,,11
525,"Fleet, George W",1/1/2015,22-Aug-18,1,0,1,480,15-Jul-76,,12
526,"Leyland, Antony K",1/1/2015,,3,0,2,500,3-Mar-82,,10
527,"Bennett, Josie C",25/05/2015,,10,1,4,504,20-Aug-72,,11
528,"Mistry, Saleha X",1/1/2015,,7,1,3,484,16-Mar-72,,10
529,"Jackson, Lesley N",1/1/2015,,8,1,2,516,23-Dec-64,,11
530,"Stevenson, Adam Y",1/1/2015,,10,0,3,504,10-May-58,,11
531,"Ewart, Herbert Y",20/09/2015,3-Oct-15,2,0,3,515,8-Oct-86,,9
532,"Massie, Harry O",1/1/2015,,2,0,3,515,27-Aug-71,,9
533,"Richards, Darren P",1/1/2015,,4,0,4,495,30-Apr-82,,10
534,"Simpson, Karen B",1/1/2015,,7,1,2,484,4-Aug-67,,10
535,"Marsden, Colin U",18/04/2015,,8,0,3,516,18-Dec-71,,11
536,"Lovett, Frank W",1/1/2015,,1,0,4,480,10-Jan-82,,12
537,"Gibbs, Alison F",1/1/2015,,3,1,3,500,20-Jan-73,,10
538,"Haigh, Douglas W",1/1/2015,,10,0,1,504,20-Oct-70,,11
539,"Turner, Jayne T",4/2/2016,,5,1,3,492,25-Dec-90,,10
540,"John, Anna Z",1/1/2015,,7,1,4,484,1-May-77,,10
541,"Richardson, Hannah N",24/04/2015,27-May-21,8,1,3,516,17-Jan-65,,11
542,"Cousins, Leigh O",1/1/2015,,3,0,3,500,20-Jul-72,,10
543,"Gore, Jonathan Z",1/1/2015,,6,0,5,476,11-Mar-77,,11
544,"Coppin, Davide B",13/11/2015,,4,0,1,495,3-Aug-88,,10
545,"Field, Catherine T",6/3/2015,,5,1,1,492,11-Mar-95,,10
546,"Gadd, Eunice H",9/9/2015,,8,1,1,516,27-Aug-74,,11
547,"Massie, Samantha R",1/1/2015,,5,1,1,545,4-Jul-71,,11
548,"Mistry, Tirzah F",30/05/2015,8-Sep-22,6,1,3,476,19-Dec-80,,11
549,"Lloyd, Thomas Y",21/02/2015,,7,0,5,484,14-Dec-92,,10
550,"Marsden, Daniel E",1/1/2015,,1,0,3,536,18-Nov-75,,13
551,"Mistry, Elizabeth Z",15/02/2015,,6,1,5,548,9-Sep-69,,12
552,"Pooley, Eileen R",1/1/2015,,8,1,2,546,11-May-59,,12
553,"MacMillan, Gordon J",1/1/2015,,8,0,2,546,23-Jul-62,,12
554,"Swart, Leslie L",1/1/2015,,5,0,5,545,19-Mar-79,,11
555,"Green, Bevis A",12/8/2016,4-Aug-22,3,0,3,542,19-Apr-74,,11
556,"Hardy, Bhavna N",16/08/2015,,3,1,1,542,21-Feb-95,,11
557,"Dingley, Brigitte D",1/1/2015,26-Aug-18,2,1,1,515,10-Oct-73,,9
558,"Gore, Francis F",1/1/2015,,4,0,1,495,19-Jun-86,,10
559,"Parke, Rebecca A",1/1/2015,,10,1,4,538,28-May-81,,12
560,"Jones, Selina Z",1/1/2015,,5,1,3,545,5-Oct-74,,11
561,"Jones, Richard J",1/1/2015,,3,0,3,542,31-Jul-55,,11
562,"Mistry, Philip Q",6/6/2015,,4,0,4,558,15-Jan-67,,11
563,"Lloyd, Paulin B",1/1/2015,24-Dec-20,1,0,5,536,4-Apr-70,,13
564,"Smith, Christopher E",17/06/2015,21-May-16,9,0,5,486,1-Dec-78,,9
565,"Collingwood, Dimitrios G",10/11/2017,,6,0,2,548,19-Nov-88,,12
566,"Pooley, Miroslawa W",1/1/2015,,6,1,1,548,21-Jun-79,,12
567,"Richards, George I",17/12/2015,5-May-22,1,0,4,536,2-Aug-66,,13
568,"Morris, Elisabeth G",17/04/2015,,9,1,4,486,29-Oct-73,,9
569,"Dawber, Kenneth Y",1/1/2015,,4,0,5,558,6-Jan-95,,11
570,"Lovett, Sonia B",17/07/2015,,6,1,4,548,27-Nov-70,,12
571,"Hardy, Graham Z",1/3/2016,27-Jun-18,3,0,3,542,27-Jan-72,,11
572,"Lloyd, Helen J",21/08/2015,,8,1,4,546,6-Mar-91,,12
573,"Lloyd, Elsie Q",1/1/2015,2-Jun-19,1,1,5,536,30-Nov-73,,13
574,"Webb, Paulin K",1/1/2015,,8,0,1,546,13-Oct-65,,12
575,"Cousins, Daniel F",1/1/2015,,2,0,5,515,17-Apr-85,,9
576,"Lewis, Julie S",14/07/2015,,1,1,3,536,23-Sep-65,,13
577,"Wynn, Daniel K",29/04/2015,14-Apr-23,2,0,4,515,31-Mar-69,,9
578,"Walmsley, Rebecca A",4/11/2015,,6,1,1,548,12-Nov-69,,12
579,"Channing, Frances C",3/2/2015,,1,1,3,536,6-Mar-81,,13
580,"Kenney, George K",1/1/2015,14-Nov-16,2,0,2,515,4-Apr-64,,9
581,"Morris, Jeanne L",3/2/2015,,10,1,1,538,16-Jun-74,,12
582,"Housley, Anastasia C",9/1/2015,14-Aug-16,3,1,5,542,1-Sep-78,,11
583,"Bland, Sarah W",1/1/2015,,4,1,5,558,26-Apr-52,,11
584,"Goddard, Laura P",16/10/2015,,5,1,4,545,29-Nov-88,,11
585,"Dingley, John Y",1/1/2015,2-Jan-21,10,0,2,538,21-Dec-61,,12
586,"Colley, Iris T",1/1/2015,,5,1,2,545,2-Feb-70,,11
587,"Woolley, Sandra Q",28/05/2015,12-Sep-16,7,1,3,484,21-Jul-81,,10
588,"Walmsley, Selina M",1/1/2015,28-Jun-21,3,1,3,542,14-Sep-74,,11
589,"Parrett, Alan A",3/1/2016,,6,0,5,548,5-Jun-66,,12
590,"Collingwood, Gill D",29/01/2015,,4,1,3,558,28-Mar-70,,11
591,"Richards, Karen O",11/10/2015,,2,1,4,580,24-Jun-89,,10
592,"Goddard, Dimitrios F",1/1/2015,8-Dec-16,2,0,1,580,6-Dec-88,,10
593,"Woodbridge, Laura W",18/02/2015,,1,1,4,579,21-Jan-81,,14
594,"Goddard, Adrian L",1/1/2015,,5,0,3,545,16-Sep-79,,11
595,"Gorton, Douglas U",1/1/2015,,3,0,2,588,18-Jun-77,,12
596,"Gadd, Jonathan X",1/1/2015,,4,0,5,558,11-Aug-67,,11
597,"Woodbridge, Helen O",1/1/2015,,10,1,1,538,28-Jan-83,,12
598,"Lovett, Antony V",17/08/2015,25-Sep-21,2,0,2,580,21-Mar-74,,10
599,"Lloyd, Bhavna N",1/1/2015,31-Jan-15,6,1,4,589,5-Sep-83,,13
600,"Pryde, Olu T",18/06/2016,,5,0,3,594,8-Apr-75,,12
601,"Morris, Darren J",1/1/2015,,7,0,3,587,10-Jul-72,,11
602,"Primrose, David L",25/05/2016,,10,0,4,538,25-Oct-79,,12
603,"Gilroy, Rajesh X",1/1/2015,19-Jul-17,3,0,3,588,18-Dec-76,,12
604,"Murray, Russell X",1/1/2015,,8,0,2,546,26-Dec-77,,12
605,"Rasul, Roger I",8/10/2015,,6,0,2,589,5-Jan-78,,13
606,"Roberts, Roy K",1/1/2015,,1,0,2,579,25-Mar-69,,14
607,"Lovett, Saleha B",22/06/2015,,10,1,1,538,16-Nov-90,,12
608,"Sheldrick, Adam N",1/1/2015,16-Jul-15,7,0,2,587,7-Dec-81,,11
609,"Haigh, Adam S",1/1/2015,20-Oct-18,1,0,3,579,5-Jan-72,,14
610,"Norman, George Y",19/08/2015,27-Jan-21,1,0,4,579,7-Aug-73,,14
611,"Cousins, Diana E",1/1/2015,,9,1,1,486,7-Mar-89,,9
612,"Gorton, Tracey S",1/3/2015,,6,1,3,589,16-Dec-87,,13
613,"Fleet, Stuart P",30/04/2016,,6,0,2,589,26-Mar-85,,13
614,"Devlin, Angela D",22/06/2015,,3,1,1,588,27-Mar-61,,12
615,"Bland, Gary J",19/09/2015,,6,0,1,589,21-Mar-77,,13
616,"Stevenson, Nicola R",1/1/2015,,10,1,4,607,19-Dec-60,,13
617,"Jackson, Sally E",7/7/2016,,5,1,2,594,26-Feb-90,,12
618,"Haigh, Gwendolyn E",30/01/2016,,2,1,1,580,28-Jun-70,,10
619,"Deering, Kenneth W",13/09/2015,,3,0,3,588,4-Jul-87,,12
620,"McCarthy, Lesley P",20/03/2015,16-Jun-19,1,1,3,579,13-Oct-70,,14
621,"Pooley, Chi O",20/11/2015,7-Aug-16,2,0,1,580,29-Jul-81,,10
622,"Webb, Irene F",13/06/2016,,1,1,3,579,24-Jun-62,,14
623,"Jarvis, Adam T",24/06/2016,30-Sep-23,6,0,5,589,18-Jun-90,,13
624,"Crompton, Darren O",2/1/2016,21-May-20,6,0,1,623,21-Jul-80,,14
625,"Barrett, David Z",1/1/2015,7-Aug-17,2,0,1,580,14-Mar-68,,10
626,"Wright, Jean L",5/2/2015,16-May-20,4,1,4,558,3-Nov-74,,11
627,"Murray, Gill F",14/07/2016,,8,1,5,546,1-Dec-81,,12
628,"Murray, Ripduman U",1/1/2015,23-Dec-17,7,1,2,587,28-Sep-64,,11
629,"Housley, Gill N",24/08/2015,,8,1,5,627,1-Oct-76,,13
630,"Housley, Christopher Y",1/1/2015,9-Jun-15,6,0,1,623,4-Feb-76,,14
631,"Rawson, Leslie J",1/1/2015,9-Aug-15,4,0,5,626,3-Nov-68,,12
632,"Sheldrick, Morag K",1/1/2015,,8,1,4,627,2-Feb-83,,13
633,"Massie, Leigh K",1/1/2015,,4,0,5,626,3-Jun-78,,12
634,"Turner, Bevis Y",1/1/2015,,1,0,3,622,2-Jan-69,,15
635,"Pryde, Frances L",1/1/2015,,7,1,3,587,27-Aug-78,,11
636,"Rasul, Chi O",1/1/2015,,5,0,3,594,9-Feb-78,,12
637,"Lloyd, Leonard S",31/07/2016,15-Jul-17,4,0,5,626,26-Oct-77,,12
638,"Nielson, Simon O",1/1/2015,,2,0,1,625,17-Aug-80,,11
639,"Jarvis, George O",25/01/2015,,1,0,2,622,24-Sep-85,,15
640,"Field, Jeanne L",1/1/2015,,10,1,4,607,5-Aug-79,,13
641,"Cousins, Lisa R",11/5/2016,20-Oct-20,3,1,2,588,20-Sep-71,,12
642,"Hulme, Lynnette Z",28/02/2015,,4,1,4,626,1-Jul-87,,12
643,"Pryde, Rajesh W",1/1/2015,25-Aug-23,1,0,4,622,13-Nov-90,,15
644,"Deering, Dimitrios E",20/01/2016,,7,0,2,587,25-Jan-96,,11
645,"Hulme, John J",10/6/2015,,5,0,4,594,15-Jun-95,,12
646,"Andrews, Anne H",29/08/2015,,1,1,4,622,20-Aug-85,,15
647,"Mills, Joanna O",1/1/2015,11-Apr-18,10,1,2,607,3-Feb-90,,13
648,"Marsden, Leonard X",1/1/2015,26-Jun-16,2,0,2,625,9-Feb-77,,11
649,"Channing, Bruno A",18/02/2016,25-Aug-18,3,0,3,588,25-Aug-77,,12
650,"McCarthy, Elizabeth T",1/1/2015,5-Jun-15,7,1,4,587,6-May-77,,11
651,"Smith, John S",1/1/2015,18-Aug-23,3,0,3,649,22-Oct-85,,13
652,"Devlin, Graham V",8/1/2016,,7,0,5,650,17-Dec-75,,12
653,"Dingley, Jonathan T",1/1/2015,,2,0,1,625,25-Jul-61,,11
654,"Scholes, Iris L",1/1/2015,,6,1,1,623,26-Sep-65,,14
655,"Marsden, Helen O",1/1/2015,29-Mar-22,3,1,1,649,21-Oct-81,,13
656,"Barrett, Rebecca C",1/1/2015,17-May-22,8,1,5,627,26-Jan-82,,13
657,"Nash, Diane T",1/1/2015,5-Feb-22,5,1,3,594,25-Jul-77,,12
658,"Ranson, Sally N",18/11/2015,,1,1,4,622,6-Feb-79,,15
659,"King, Dimitrios F",5/10/2015,,6,0,3,623,15-May-79,,14
660,"Wright, Frank V",18/07/2015,,7,0,3,650,7-Feb-73,,12
661,"Geraghty, Timothy D",9/7/2015,,7,0,4,650,9-Jan-64,,12
662,"Field, Sally F",31/01/2016,17-Jul-16,8,1,4,627,4-Dec-94,,13
663,"Marsden, Dimitrios W",5/12/2015,30-Dec-18,4,0,1,626,25-May-77,,12
664,"Woodbridge, Samantha F",1/1/2015,,10,1,3,607,12-Dec-73,,13
665,"Wright, Bruno B",1/1/2015,1-Feb-17,3,0,4,649,24-Jan-80,,13
666,"Dawber, Miroslawa P",1/1/2015,29-Apr-20,10,1,4,607,13-Jan-68,,13
667,"Parrett, Nicholas Q",1/1/2015,,2,0,4,625,24-Nov-75,,11
668,"Smith, Gordon J",26/06/2015,,9,0,2,486,8-May-92,,9
669,"Roberts, Steven S",1/1/2015,,5,0,4,594,25-Oct-70,,12
670,"Leyland, Simon W",19/07/2016,,1,0,3,622,16-Nov-75,,15
671,"Rutherford, Christopher S",18/09/2015,23-Jun-16,4,0,3,626,7-May-78,,12
672,"Murray, Sandra N",18/08/2015,21-Mar-23,10,1,4,607,14-Jan-90,,13
673,"Lewis, Syed G",1/1/2015,21-Jul-21,8,0,2,627,15-Jun-61,,13
674,"Colley, Adele D",1/1/2015,19-Mar-15,5,1,2,669,12-Jan-80,,13
675,"Scholes, Joseph F",6/11/2016,,4,0,2,671,21-Jan-85,,13
676,"Brant, Arthur T",1/1/2015,26-Nov-18,6,0,4,623,10-Jul-72,,14
677,"Polizzi, Jean U",5/12/2015,,6,1,1,623,29-Aug-95,,14
678,"Standen, Ann Q",10/7/2015,11-Aug-22,7,1,5,650,12-Jun-90,,12
679,"Morris, Jill I",5/2/2015,,7,1,3,650,22-Mar-64,,12
680,"Devlin, Amanda H",1/1/2015,,2,1,2,625,4-Nov-72,,11
681,"Gorton, Elisabeth N",1/1/2015,,3,1,4,649,14-Sep-56,,13
682,"Robinson, Bruno L",13/01/2016,,10,0,4,672,27-Jun-68,,14
683,"Colley, Nuala F",1/1/2015,,5,1,4,669,1-May-79,,13
684,"Shearer, Simone F",7/12/2017,,1,1,5,670,12-Dec-97,,16
685,"Gadd, John P",1/6/2016,,4,0,3,671,15-Dec-70,,13
686,"Parrett, Kevin U",1/1/2015,14-Jul-22,8,0,2,627,23-Jul-77,,13
687,"Dingley, Joanna A",1/1/2015,21-Jul-18,3,1,3,649,18-Oct-72,,13
688,"Walmsley, Steven S",8/1/2017,,7,0,1,650,11-Aug-67,,12
689,"Pryde, Laura D",24/05/2015,,1,1,5,670,6-Mar-83,,16
690,"Lewis, Clare U",8/12/2016,,6,1,1,677,27-Jul-63,,15
691,"Rutherford, Francis X",1/1/2015,,6,0,1,677,7-Aug-72,,15
692,"John, Robert Z",17/12/2015,31-Mar-20,5,0,2,669,22-Dec-95,,13
693,"Parkes, Philip J",1/1/2015,,10,0,4,672,18-Nov-75,,14
694,"Channing, Ripduman P",1/1/2015,,7,1,4,688,10-Jan-81,,13
695,"Scholes, Irene Z",5/4/2015,,7,1,3,688,26-Oct-79,,13
696,"Coppin, George D",1/1/2015,,8,0,5,686,27-Oct-73,,14
697,"Woodbridge, Gary K",12/9/2015,18-Dec-17,4,0,3,671,6-Oct-77,,13
698,"Johnson, Paul J",20/04/2016,,6,0,4,677,20-Apr-77,,15
699,"Crompton, Colin M",4/1/2016,,1,0,5,670,22-Jun-69,,16
700,"Barrett, Ann I",14/10/2015,,2,1,4,625,25-Sep-78,,11
701,"Mills, Hannah J",1/1/2015,17-Jun-18,8,1,3,686,16-Oct-91,,14
702,"Hyslop, Kay H",26/02/2015,,7,1,3,688,7-Sep-76,,13
703,"Pryde, Martin M",1/1/2015,,1,0,5,670,14-Oct-65,,16
704,"Polizzi, Diana S",1/1/2015,,8,1,1,686,29-Jan-75,,14
705,"Hardy, Colette M",17/09/2015,13-Aug-21,5,1,2,669,22-Jun-80,,13
706,"Shelley, Gillian M",21/03/2016,9-Jul-19,4,1,4,671,30-May-85,,13
707,"Johnson, Linda F",29/03/2016,17-Jul-19,1,1,1,670,23-Jul-75,,16
708,"Woolley, Russell M",1/1/2015,10-Jun-20,3,0,4,649,31-May-64,,13
709,"Devlin, Adam W",1/1/2015,,10,0,4,672,31-May-83,,14
710,"Roberts, Adele C",9/2/2015,15-Apr-20,10,1,4,672,2-May-71,,14
711,"Crompton, Sonia U",1/1/2015,,6,1,5,677,19-Jun-65,,15
712,"Sheldrick, Lisa U",1/1/2015,14-Apr-21,10,1,1,672,8-Nov-76,,14
713,"Barrett, Bhavna R",14/05/2016,,6,1,5,677,24-Feb-72,,15
714,"Bennett, Douglas I",1/1/2015,,10,0,2,672,28-Jan-66,,14
715,"Shearer, Russell J",1/1/2015,20-Apr-22,10,0,1,714,2-Nov-69,,15
716,"Lloyd, Joanna S",1/1/2015,,2,1,4,700,15-Feb-84,,12
717,"Roberts, Nuala B",1/1/2015,3-Jul-21,8,1,4,686,31-May-70,,14
718,"Mead, Frances H",1/1/2015,,8,1,5,686,24-Mar-71,,14
719,"Hulme, Amanda D",5/8/2015,,6,1,5,677,12-Jun-88,,15
720,"Shelley, Joanna N",1/1/2015,7-Jun-23,4,1,5,671,25-Aug-88,,13
721,"Hardy, George F",1/1/2015,5-Sep-20,10,0,3,714,6-Feb-83,,15
722,"Gadd, Michael E",1/1/2015,2-May-19,8,0,1,686,1-Dec-86,,14
723,"Parkes, Jane F",29/04/2015,,9,1,5,668,4-May-95,,10
724,"Seabrook, Simone H",9/1/2016,,1,1,3,670,27-Mar-88,,16
725,"Mongan, Samantha G",14/10/2015,,5,1,5,669,1-Apr-83,,13
726,"Woodbridge, Nazma D",15/02/2015,28-May-23,4,1,2,671,1-Dec-83,,13
727,"Murray, Antony T",28/09/2015,21-Aug-23,3,0,5,708,2-Nov-78,,14
728,"Green, Alison F",1/1/2015,20-Jul-22,5,1,5,669,31-Jul-82,,13
729,"Lamb, Christopher I",10/6/2015,,9,0,2,668,21-Feb-70,,10
730,"Pooley, Harry H",20/06/2015,,1,0,1,724,14-Sep-65,,17
731,"Cousins, Elisabeth Y",19/11/2015,,2,1,1,700,30-Jun-84,,12
732,"Field, Colin K",29/09/2015,,2,0,4,700,30-May-78,,12
733,"Simpson, Paulin R",9/10/2015,15-Mar-19,4,0,2,726,19-Mar-73,,14
734,"Gibbs, Joanne V",1/1/2015,18-Jul-19,1,1,5,724,30-Sep-94,,17
735,"Cousins, Gary X",1/1/2015,15-Jun-22,9,0,2,668,19-Jan-77,,10
736,"King, Paul C",9/2/2015,,4,0,2,726,15-Oct-72,,14
737,"Primrose, Carol I",28/09/2015,,5,1,3,728,9-Apr-63,,14
738,"Nash, Roger X",1/1/2015,,10,0,3,714,15-Feb-69,,15
739,"Massie, John V",1/1/2015,,10,0,5,714,6-Jan-95,,15
740,"Swart, Liam J",1/1/2015,,7,0,2,688,24-Feb-67,,13
741,"Simpson, Alan O",1/1/2015,,6,0,2,719,19-Oct-73,,16
742,"Parrett, Dimitrios S",1/1/2015,,1,0,1,724,17-Mar-62,,17
743,"Field, Rosalie W",28/02/2016,28-May-21,8,1,2,722,1-Apr-57,,15
744,"MacMillan, David K",11/4/2017,,5,0,2,728,29-Sep-61,,14
745,"Gore, Jayne L",1/1/2015,,2,1,2,700,3-Mar-74,,12
746,"Haigh, Steven I",1/1/2015,,8,0,3,722,19-May-74,,15
747,"Channing, Tracey E",1/1/2015,,7,1,2,688,1-Apr-82,,13
748,"Deering, Adrian K",12/12/2016,27-Feb-20,1,0,5,724,18-Jan-96,,17
749,"Sheldrick, Lynnette E",29/03/2015,15-Aug-23,5,1,1,728,25-Feb-66,,14
750,"Lamb, Clare Y",1/1/2015,,6,1,2,719,23-Apr-73,,16
751,"Bland, Alan W",1/1/2015,30-Mar-23,1,0,2,724,20-Mar-67,,17
752,"Robinson, Emma L",17/06/2015,,9,1,2,668,22-Jun-95,,10
753,"Kralj, Sylvia X",13/06/2015,11-Aug-22,1,1,1,724,24-Sep-78,,17
754,"Polizzi, Nicola S",23/11/2016,,8,1,4,722,2-May-50,,15
755,"Barrett, Joseph D",9/5/2015,,5,0,5,728,9-Apr-73,,14
756,"Gibbs, Dimitrios T",7/9/2015,15-Sep-15,4,0,2,726,28-Feb-64,,14
757,"Barrett, Robert T",11/5/2016,,3,0,5,708,22-Mar-86,,14
758,"Smith, Kathryn U",12/8/2015,11-Jun-22,9,1,3,668,25-Dec-67,,10
759,"Walmsley, Dimitrios D",1/1/2015,,1,0,2,753,9-May-72,,18
760,"Lloyd, Andree K",28/01/2016,,9,1,3,668,31-Mar-74,,10
761,"Lewis, Sharmin Y",30/11/2016,,6,1,1,719,9-Dec-86,,16
762,"Wilson, Adrian J",1/1/2015,19-Jun-23,2,0,1,700,12-Feb-63,,12
763,"Parke, Rebecca B",1/1/2015,12-Jul-21,5,1,3,728,19-Dec-65,,14
764,"John, Daniel Q",21/05/2015,,9,0,1,760,21-Jul-89,,11
765,"Powell, Colin P",6/1/2015,,2,0,1,700,18-Jun-79,,12
766,"Deering, Grace O",1/1/2015,17-Nov-17,3,1,1,708,5-Nov-80,,14
767,"Choi, Jeanne Z",21/11/2015,,1,1,5,753,22-Sep-84,,18
768,"Smith, Patricia P",13/10/2015,,8,1,1,722,28-May-79,,15
769,"Mongan, Katie W",1/1/2015,13-Aug-16,8,1,3,722,13-May-71,,15
770,"Johnson, Chi N",6/10/2015,3-Sep-20,3,0,5,708,14-Jun-60,,14
771,"Deering, Olu C",15/05/2016,20-Nov-20,2,0,4,765,4-Jul-71,,13
772,"Shelley, Dimitrios J",15/05/2016,29-Jun-22,9,0,3,760,23-Apr-79,,11
773,"Brant, Paul X",26/04/2015,,6,0,5,719,28-Feb-90,,16
774,"Mongan, Nishma L",21/04/2016,,9,1,1,760,9-Jan-67,,11
775,"Robinson, Darren P",1/1/2015,7-Aug-20,3,0,5,708,5-Oct-80,,14
776,"Field, Margaret F",12/7/2015,9-Jun-21,8,1,2,722,20-Jan-87,,15
777,"Bennett, Frank W",19/01/2015,,10,0,4,714,1-Mar-73,,15
778,"Murray, Hannah L",13/01/2015,,4,1,2,726,26-Sep-61,,14
779,"Shelley, Nishma P",1/1/2015,18-May-15,7,1,4,688,10-Mar-59,,13
780,"Simpson, Josie E",1/11/2015,27-Jul-19,7,1,4,779,7-Sep-74,,14
781,"Jones, Gordon X",15/01/2015,10-Jun-17,5,0,3,728,21-Mar-86,,14
782,"Jackson, Giulio S",1/1/2015,13-Nov-19,1,0,1,753,16-Dec-84,,18
783,"Gilroy, Josie G",4/2/2015,9-Jun-20,9,1,5,760,5-Aug-71,,11
784,"Rasul, Giulio N",3/2/2016,,1,0,2,753,25-Jan-73,,18
785,"Colley, Bevis F",1/1/2015,,5,0,5,781,3-Aug-69,,15
786,"Scholes, Sonia J",11/11/2015,7-Jul-19,6,1,5,719,16-Sep-74,,16
787,"Walmsley, Nuala T",1/1/2015,2-Mar-20,3,1,4,708,15-Apr-79,,14
788,"Primrose, Leslie I",15/02/2015,,5,0,5,781,11-Jan-80,,15
789,"Wright, Rebecca Y",1/1/2015,,4,1,1,726,12-Mar-81,,14
790,"Rutherford, Leigh P",5/11/2015,9-Nov-20,1,0,2,753,4-Aug-93,,18
791,"Richardson, Nuala F",1/1/2015,,2,1,5,765,6-Jan-95,,13
792,"Powell, Adele T",16/01/2015,,1,1,4,753,7-Sep-72,,18
793,"Wright, Iris E",6/6/2015,,5,1,1,781,13-Jul-67,,15
794,"Gibbs, Nazma O",20/04/2016,3-Sep-17,2,1,4,765,27-Sep-73,,13
795,"Parrett, Rebecca U",26/05/2016,,2,1,5,765,29-Jul-73,,13
796,"Morris, Chi A",1/1/2015,,4,0,2,726,16-Sep-76,,14
797,"Andrews, Diana E",26/04/2015,,4,1,1,796,14-Oct-82,,15
798,"Choi, Daniel K",28/09/2015,,2,0,4,765,23-Nov-83,,13
799,"Mead, Darren R",13/04/2015,27-Apr-15,5,0,3,781,26-Jul-86,,15
800,"Henry, Gordon F",13/05/2016,,9,0,2,760,18-Jan-68,,11
801,"Wright, Jean A",13/10/2016,,3,1,5,787,18-Mar-75,,15
802,"Ewart, Giulio G",1/1/2015,4-Jul-19,5,0,5,781,17-Sep-65,,15
803,"Hardy, Brenda A",1/1/2015,,7,1,4,779,24-May-74,,14
804,"Scholes, Selina O",28/05/2015,27-Jul-15,9,1,2,760,13-May-71,,11
805,"Robinson, Jayne W",1/1/2015,26-Jul-20,7,1,4,779,8-Dec-67,,14
806,"MacMillan, Peter I",1/1/2015,19-Jun-21,5,0,4,781,17-Jan-77,,15
807,"Smith, Tracey Y",7/10/2015,,10,1,3,714,3-Jul-68,,15
808,"Turner, Chi D",1/1/2015,,8,0,4,776,10-Mar-54,,16
809,"Hardy, Jeanne X",1/1/2015,,1,1,2,792,28-Dec-66,,19
810,"Swart, Alan S",15/01/2015,,7,0,4,779,20-Feb-57,,14
811,"Coppin, Venetia R",2/3/2015,15-Dec-18,10,1,2,807,21-Nov-65,,16
812,"Mongan, Tracey D",12/1/2015,23-Jul-22,1,1,1,792,16-Sep-68,,19
813,"MacMillan, Antony I",13/12/2015,,8,0,1,776,30-Dec-72,,16
814,"Green, Phyllis Q",1/1/2015,17-Apr-18,4,1,3,796,11-Dec-76,,15
815,"Woolley, Leslie H",1/1/2015,,9,0,3,804,9-Oct-70,,12
816,"Primrose, Syed S",15/07/2016,,1,0,5,792,27-Jan-64,,19
817,"Gilroy, Syed F",1/1/2015,,2,0,4,765,21-Dec-82,,13
818,"Murray, Angela E",29/01/2015,,1,1,4,792,24-Sep-67,,19
819,"Henry, Robert Z",17/12/2015,,4,0,4,796,18-Jun-82,,15
820,"Deering, Robert B",1/1/2015,11-Jul-23,3,0,5,787,5-Jan-77,,15
821,"Lamb, Jean S",1/1/2015,,7,1,3,779,10-Nov-73,,14
822,"Rasul, Carol O",18/09/2015,9-Mar-19,1,1,3,792,19-Dec-56,,19
823,"Coombs, Phyllis W",24/04/2015,25-Feb-20,6,1,3,719,26-Jun-73,,16
824,"Swart, Frank G",1/1/2015,25-Aug-23,10,0,2,807,27-Aug-80,,16
825,"Barrett, Hannah B",4/9/2015,,7,1,1,779,17-Jul-73,,14
826,"Mills, Grace X",1/1/2015,,9,1,4,804,6-Jul-50,,12
827,"Field, Elizabeth E",1/1/2015,,1,1,3,792,16-Jan-73,,19
828,"Seabrook, Amanda N",1/1/2015,,7,1,5,825,16-Jan-76,,15
829,"Smith, William J",1/1/2015,,7,0,2,825,17-Apr-80,,15
830,"Andrews, Simone K",9/9/2016,22-Jul-20,9,1,5,804,10-Jan-68,,12
831,"Massie, Herbert A",3/11/2015,,2,0,1,817,31-Oct-82,,14
832,"Scholes, Colin A",6/7/2016,,8,0,1,776,25-Mar-63,,16
833,"Swart, Antony U",1/1/2015,,1,0,1,827,6-Jan-71,,20
834,"Andrews, Brenda D",1/1/2015,26-Sep-17,4,1,2,796,31-Dec-77,,15
835,"Wright, Douglas O",1/1/2015,6-Aug-17,4,0,4,796,27-Feb-74,,15
836,"Robinson, Julie V",1/1/2015,,6,1,3,823,7-Jun-72,,17
837,"Andrews, Chi M",1/1/2015,29-May-17,2,0,3,817,5-Nov-71,,14
838,"Kralj, Emma I",11/12/2015,,9,1,5,804,30-Jan-71,,12
839,"Leyland, Diane Z",22/11/2015,16-Sep-17,10,1,2,807,10-Nov-77,,16
840,"Parke, Josie E",2/11/2015,8-Sep-23,7,1,4,825,13-Aug-75,,15
841,"Coppin, Carmel Q",29/06/2015,,5,1,5,806,13-Nov-84,,16
842,"Gadd, Simon D",1/1/2015,,8,0,4,776,24-Jan-70,,16
843,"Turner, Lynnette J",1/1/2015,,5,1,5,806,19-Jun-63,,16
844,"Haigh, Grace F",1/1/2015,,3,1,5,787,2-Jul-72,,15
845,"Coppin, Adele I",30/01/2015,8-Sep-19,3,1,4,787,9-Feb-81,,15
846,"Gibbs, Judy R",2/5/2015,3-Aug-22,5,1,4,806,14-Dec-78,,16
847,"Fleet, Antony Y",16/05/2016,6-Aug-21,3,0,1,787,7-Jun-65,,15
848,"Pooley, James B",22/04/2016,,9,0,1,804,14-May-66,,12
849,"Walmsley, Adam U",4/5/2015,,1,0,3,827,8-Jan-63,,20
850,"King, David D",1/1/2015,13-Feb-21,4,0,1,796,14-Oct-70,,15
851,"Gilroy, Sharmin V",1/1/2015,,7,1,5,825,10-Oct-78,,15
852,"Parke, William X",23/11/2015,25-Aug-22,9,0,3,804,10-Apr-84,,12
853,"Kralj, Kathleen E",15/05/2015,,3,1,5,787,7-Aug-48,,15
854,"Pooley, Selina R",17/04/2015,20-Aug-20,9,1,3,852,20-Jun-73,,13
855,"Woolley, Elsie F",1/1/2015,7-Jan-20,2,1,2,817,1-Nov-79,,14
856,"Cousins, Chi X",4/1/2015,12-Sep-22,8,0,4,776,26-Feb-71,,16
857,"Mongan, Antony P",1/1/2015,,2,0,2,817,7-Aug-73,,14
858,"Stevenson, Tirzah K",1/7/2015,19-Jan-19,4,1,3,850,13-Jun-91,,16
859,"Gilroy, Catherine F",24/03/2015,,2,1,1,817,8-Jul-69,,14
860,"Bland, Simone E",1/5/2015,,8,1,1,776,19-May-85,,16
861,"Gibbs, Syed F",1/1/2015,,4,0,2,850,23-Dec-73,,16
862,"Woolley, Lisa N",1/1/2015,20-Aug-19,3,1,4,853,10-Feb-89,,16
863,"Andrews, Selina A",1/1/2015,17-Nov-20,1,1,5,827,3-May-74,,20
864,"Gorton, Elizabeth X",9/1/2016,,5,1,3,806,25-Jan-71,,16
865,"Henry, Kathleen F",29/07/2015,,2,1,3,817,17-Jul-61,,14
866,"Shute, Edward E",1/1/2015,,1,0,3,827,21-Feb-72,,20
867,"Deering, Timothy T",1/1/2015,12-Aug-22,4,0,5,850,28-Apr-69,,16
868,"Roberts, Daniel H",20/11/2015,,1,0,3,827,3-Sep-83,,20
869,"Richardson, Margaret T",25/07/2016,1-Jan-24,9,1,3,852,13-Jun-72,,13
870,"Johnson, Gordon N",1/1/2015,,10,0,3,807,14-Oct-71,,16
871,"Murray, Sonia P",1/1/2015,,3,1,5,853,30-Sep-81,,16
872,"Jarvis, Daniel K",1/1/2015,26-Mar-18,3,0,2,853,28-Jun-69,,16
873,"King, Eunice Z",1/1/2015,,1,1,3,827,4-Nov-68,,20
874,"Mills, Diane S",1/1/2015,,7,1,2,825,2-Jul-88,,15
875,"Geraghty, Arthur S",28/04/2015,,3,0,3,853,14-Feb-88,,16
876,"Bland, Thomas L",16/04/2015,,2,0,3,865,20-May-86,,15
877,"Gibbs, William A",28/04/2015,,1,0,2,873,1-Jan-88,,21
878,"Fleet, Diane X",1/1/2015,7-Aug-21,3,1,2,853,23-Aug-56,,16
879,"Woodbridge, Roger G",1/1/2015,,8,0,5,860,7-Apr-82,,17
880,"Parrett, Edward O",17/09/2015,,4,0,4,850,6-Oct-76,,16
881,"Coppin, Gary B",1/1/2015,,3,0,3,853,16-Jul-68,,16
882,"Goddard, Frank G",25/05/2015,17-Oct-16,4,0,5,850,10-Oct-82,,16
883,"Pryde, Lynnette I",22/03/2015,,3,1,1,881,2-Mar-72,,17
884,"Crompton, Ripduman X",1/1/2015,,3,1,4,881,27-Jan-71,,17
885,"Wilson, Christopher G",1/1/2015,,1,0,2,873,10-Jan-72,,21
886,"Parke, Kathleen X",1/1/2015,,4,1,5,850,18-Sep-64,,16
887,"Hyslop, Colette E",1/1/2015,,1,1,1,873,11-Jun-82,,21
888,"Jarvis, Simon R",21/12/2015,15-Mar-23,2,0,3,865,12-Feb-71,,15
889,"Parkes, Lynnette T",1/1/2015,6-Jun-21,10,1,3,807,14-Oct-69,,16
890,"Geraghty, Nicholas A",26/05/2016,,6,0,5,823,14-May-68,,17
891,"Sheldrick, Julie X",11/1/2015,,7,1,5,825,14-Apr-94,,15
892,"Green, Nishma Z",1/1/2015,,6,1,5,823,28-Apr-74,,17
893,"Cousins, Chi S",1/1/2015,,3,0,3,881,2-Dec-57,,17
894,"Webb, Harry U",29/07/2017,,5,0,1,806,29-Jul-97,,16
895,"Bennett, Francis Q",1/1/2015,,4,0,4,886,13-Jul-53,,17
896,"Rutherford, Gill Z",21/05/2015,,9,1,4,852,24-Dec-85,,13
897,"Gorton, Phyllis H",20/06/2015,,5,1,1,806,4-Mar-79,,16
898,"Primrose, Gary I",1/1/2015,,5,0,2,897,16-Aug-74,,17
899,"Smith, Syed P",17/05/2015,,6,0,1,823,21-Mar-90,,17
900,"Roberts, Timothy W",1/1/2015,,4,0,5,886,8-Nov-74,,17
901,"Barrett, Tirzah R",12/12/2015,21-Dec-22,9,1,3,852,17-Oct-64,,13
902,"Jarvis, Russell V",1/1/2015,,9,0,5,852,16-Feb-82,,13
903,"Geraghty, Arthur X",1/1/2015,,8,0,5,860,4-Oct-81,,17
904,"Crompton, Catherine T",1/1/2015,,6,1,3,823,12-Dec-72,,17
905,"Gilroy, Selina Y",1/1/2015,,10,1,2,807,2-Jan-76,,16
906,"Turner, Adrian K",12/2/2016,,3,0,2,881,10-Feb-86,,17
907,"Brant, Helen S",1/1/2015,,4,1,2,886,10-Feb-75,,17
908,"Seabrook, Giulio U",1/1/2015,,9,0,4,852,22-Feb-79,,13
909,"Stevenson, Sarah I",1/1/2015,14-Apr-15,1,1,1,873,25-Aug-87,,21
910,"Ewart, Colin F",26/02/2015,4-Feb-20,9,0,2,908,12-Jan-82,,14
911,"Geraghty, Sarah E",22/01/2016,,7,1,5,891,19-Jun-68,,16
912,"Pooley, Jeanne E",9/1/2015,,7,1,1,891,2-May-68,,16
913,"Sheldrick, Colette Y",23/02/2015,,7,1,3,891,27-Dec-67,,16
914,"Coppin, Gary M",1/1/2015,,2,0,3,865,19-Oct-75,,15
915,"Parrett, Colin M",17/02/2015,,2,0,2,865,8-Sep-90,,15
916,"Parkes, Samantha B",14/05/2015,,5,1,2,897,29-Sep-67,,17
917,"Woolley, Colin Z",1/1/2015,20-Apr-18,2,0,5,865,5-Apr-77,,15
918,"Nielson, Colette H",15/05/2017,,7,1,1,891,11-Feb-69,,16
919,"Gilroy, Katie U",14/04/2017,,3,1,1,881,19-Feb-82,,17
920,"Parkes, Jayne P",1/1/2015,27-Aug-23,5,1,5,897,4-Sep-77,,17
921,"Geraghty, Venetia O",1/1/2015,23-Apr-21,10,1,5,905,6-Jan-95,,17
922,"Morris, Anastasia U",1/1/2015,,6,1,4,823,27-Jul-83,,17
923,"Turner, Jonathan F",4/12/2015,,4,0,3,886,20-Sep-75,,17
924,"Mistry, Paul X",1/1/2015,21-May-22,2,0,2,865,4-Apr-73,,15
925,"Massie, Anastasia W",20/05/2018,,5,1,5,897,30-Apr-77,,17
926,"Watt, Simone F",16/01/2016,,5,1,1,897,14-Jul-72,,17
927,"Mills, Jayne X",21/07/2015,,8,1,3,860,17-Sep-72,,17
928,"Haigh, Jonathan E",1/1/2015,,1,0,2,873,11-Feb-81,,21
929,"Richards, Jeanne A",1/1/2015,,1,1,4,873,29-Dec-56,,21
930,"Mills, Eileen Q",1/1/2015,28-Mar-23,7,1,3,891,25-May-88,,16
931,"Choi, Brenda B",1/1/2015,,1,1,3,929,25-Aug-72,,22
932,"Rutherford, Frank O",29/01/2015,,4,0,5,886,7-Dec-75,,17
933,"Scholes, Miroslawa F",1/1/2015,17-Jul-20,2,1,3,924,1-Nov-81,,16
934,"Jackson, Gary G",1/1/2015,,6,0,4,922,23-Jun-74,,18
935,"John, Thomas V",1/1/2015,20-Aug-23,6,0,4,922,31-Dec-76,,18
936,"Turner, Jayne F",25/04/2015,,8,1,1,860,7-Oct-86,,17
937,"Murray, Francis O",17/02/2016,30-Apr-20,1,0,1,929,7-Sep-79,,22
938,"Gore, Diane G",1/1/2015,,7,1,1,891,18-Feb-62,,16
939,"Johnson, Janet I",1/1/2015,,7,1,1,938,8-Mar-90,,17
940,"Mongan, George H",1/1/2015,20-Jun-19,4,0,2,886,21-Oct-82,,17
941,"Bland, Jill H",13/03/2017,,4,1,5,940,5-Mar-83,,18
942,"Dingley, Martin S",4/2/2016,,3,0,1,881,10-Aug-84,,17
943,"Andrews, Roger U",7/5/2016,,8,0,4,860,2-Aug-76,,17
944,"Pryde, Tracey Z",1/1/2015,5-Aug-17,8,1,5,860,18-Jun-69,,17
945,"Bland, Lesley M",1/1/2015,7-Dec-19,5,1,3,897,9-Oct-57,,17
946,"Wynn, Diana V",1/1/2015,,8,1,3,944,3-Feb-78,,18
947,"Cousins, Paul H",26/04/2016,,3,0,3,942,2-Dec-71,,18
948,"Dingley, Christopher J",27/03/2016,,4,0,4,940,26-May-74,,18
949,"MacMillan, Roger I",25/03/2016,,6,0,3,922,22-May-79,,18
950,"Nielson, Antony U",14/01/2015,6-Jul-20,7,0,4,938,12-Mar-77,,17
951,"Parrett, Jane A",28/03/2016,20-Aug-20,7,1,5,938,14-Jun-74,,17
952,"Watt, David Q",1/1/2015,,5,0,5,945,19-Jun-67,,18
953,"Housley, Adrian Z",17/06/2017,,3,0,1,942,8-Jun-77,,18
954,"Woodbridge, Jayne S",1/1/2015,5-Aug-22,4,1,2,940,5-Jan-81,,18
955,"Marsden, Roy D",23/01/2015,15-Sep-17,3,0,3,942,24-Nov-84,,18
956,"Shute, Gary Z",27/04/2015,,6,0,2,922,16-Jan-81,,18
957,"Kralj, James Q",1/1/2015,,9,0,2,908,23-Mar-80,,14
958,"Watt, Jill T",1/4/2015,31-Oct-15,2,1,4,924,11-Nov-60,,16
959,"Murray, Leigh V",1/1/2015,26-Sep-16,6,0,3,922,21-Mar-77,,18
960,"Shute, Gill N",12/6/2016,13-Sep-20,10,1,2,905,14-Apr-91,,17
961,"Rasul, Roger J",7/10/2015,,9,0,2,908,25-Mar-69,,14
962,"Kralj, David C",26/11/2015,13-May-20,7,0,3,938,22-Feb-80,,17
963,"Shearer, Giulio E",1/1/2015,,9,0,4,908,12-Jul-80,,14
964,"Sheldrick, Thomas L",8/8/2015,,2,0,3,924,29-Jun-88,,16
965,"Collingwood, Sarah K",2/10/2015,9-Mar-23,7,1,4,938,25-May-67,,17
966,"Jarvis, Bevis W",1/1/2015,,1,0,1,929,8-Aug-75,,22
967,"Channing, Alan K",8/2/2016,,7,0,4,938,27-Nov-68,,17
968,"Pryde, Simon W",20/06/2015,,6,0,3,922,20-Jul-79,,18
969,"Lewis, Janet V",25/07/2015,28-Jan-21,6,1,1,968,24-Mar-77,,19
970,"Parrett, Simon F",21/03/2016,,8,0,2,944,15-Jan-81,,18
971,"Goddard, Sonia Q",19/05/2015,,3,1,5,942,31-Oct-66,,18
972,"Jackson, Jeanne Y",1/1/2015,,7,1,3,967,15-Sep-67,,18
973,"Rasul, Julie W",1/1/2015,,10,1,5,905,21-Dec-71,,17
974,"Ewart, Davide I",1/1/2015,,4,0,3,940,4-Nov-65,,18
975,"Hardy, Phyllis A",1/1/2015,16-May-21,2,1,5,924,19-Feb-78,,16
976,"Richards, Jane W",17/06/2015,25-Mar-16,6,1,3,968,21-Jun-79,,19
977,"Rutherford, Matthew R",1/1/2015,27-Mar-23,5,0,4,945,7-Aug-79,,18
978,"Standen, Brenda J",16/01/2015,,2,1,1,924,17-May-57,,16
979,"Coppin, Roy S",23/05/2015,,8,0,1,944,29-Jul-76,,18
980,"Rasul, Antony U",1/1/2015,,10,0,4,905,23-Apr-92,,17
981,"Mills, Paulin I",9/9/2015,31-Jul-23,3,0,1,942,10-May-75,,18
982,"Parke, Ian L",22/06/2016,,6,0,5,968,25-Jan-71,,19
983,"Murray, Timothy X",1/1/2015,,4,0,1,940,6-Jan-95,,18
984,"Gadd, Daniel V",1/1/2015,,3,0,3,942,7-Aug-65,,18
985,"Wilson, Venetia C",1/1/2015,10-Sep-17,9,1,4,908,7-Dec-84,,14
986,"Hyslop, Christopher T",25/08/2016,,9,0,2,908,24-Apr-96,,14
987,"Parke, Jonathan T",20/04/2015,,6,0,2,968,21-Jun-52,,19
988,"Dawber, Edward F",21/08/2015,6-Apr-19,7,0,5,967,7-Apr-71,,18
989,"Smith, Bhavna A",29/01/2015,,7,1,4,967,6-Jun-82,,18
990,"Wilson, Laura L",1/1/2015,,8,1,4,944,22-Jan-63,,18
991,"Deering, Rebecca J",5/4/2015,,6,1,3,968,12-Mar-78,,19
992,"John, Gary A",1/1/2015,,7,0,1,967,18-Jan-74,,18
993,"Gadd, Colette J",11/5/2016,,1,1,5,929,4-Apr-71,,22
994,"Henry, Angela R",1/1/2015,,4,1,5,940,15-Aug-81,,18
995,"Brant, Grace Y",30/10/2015,,9,1,2,986,21-Oct-85,,15
996,"Standen, Bhavna L",19/11/2015,29-Mar-19,8,1,4,944,15-May-78,,18
997,"Turner, Paulin F",19/12/2015,,4,0,5,994,6-Jun-75,,19
998,"Johnson, Ian O",1/1/2015,,3,0,1,984,7-Aug-87,,19
999,"Gilroy, Emma P",22/01/2016,,10,1,5,905,24-Nov-81,,17
1000,"MacMillan, Rosalie Q",29/04/2015,,3,1,2,984,23-Sep-82,,19
1001,"Bennett, William A",19/05/2015,,9,0,2,986,9-Nov-81,,15
1002,"Kralj, Herbert Q",21/05/2015,,2,0,5,924,12-Apr-93,,16
1003,"Nielson, Adrian L",14/03/2015,,6,0,5,968,4-Jul-65,,19
1004,"Goddard, Andrew D",22/10/2015,,1,0,5,929,18-Jun-87,,22
1005,"Mongan, Brigitte K",7/6/2015,,8,1,5,944,10-Nov-66,,18
1006,"Webb, Josie R",4/3/2015,30-Apr-16,4,1,3,994,30-Oct-83,,19
1007,"Gilroy, Gordon P",9/1/2015,22-Dec-21,8,0,4,1005,1-Apr-40,,19
1008,"Murray, Lisa E",12/6/2015,,4,1,4,994,15-Jun-83,,19
1009,"Jackson, Christopher D",12/2/2015,24-Nov-23,9,0,1,986,23-Aug-79,,15
1010,"Murray, Elizabeth I",16/10/2015,31-Aug-23,10,1,4,905,26-Aug-62,,17
1011,"Bennett, Jeanne L",21/05/2015,2-Jul-20,3,1,1,984,24-Oct-72,,19
1012,"Scholes, Simon Z",18/06/2015,23-Jun-23,6,0,3,1003,18-May-66,,20
1013,"Richardson, Raymond T",16/09/2015,,2,0,1,1002,21-Mar-80,,17
1014,"Marsden, Gordon J",6/8/2015,20-Dec-21,2,0,3,1002,14-Mar-69,,17
1015,"Nash, Noella J",18/06/2015,,6,1,4,1003,12-Nov-60,,20
1016,"Lovett, Davide M",8/5/2015,,10,0,2,1010,17-Jul-82,,18
1017,"Mills, Adrian E",22/03/2015,,5,0,5,945,22-Nov-78,,18
1018,"Field, Martin E",14/03/2015,,7,0,2,967,19-Jun-72,,18
1019,"Gibbs, Simone K",27/09/2015,9-Jun-17,4,1,5,994,19-Aug-65,,19
1020,"Henry, Patricia C",29/07/2015,,8,1,1,1005,14-Feb-64,,19
1021,"Dawber, Eunice P",25/06/2015,15-Sep-20,6,1,2,1003,26-Jan-74,,20
1022,"King, Phyllis L",6/4/2015,14-Mar-23,6,1,4,1003,26-Sep-77,,20
1023,"Lewis, Yvonne R",26/04/2015,,1,1,4,929,18-Apr-68,,22
1024,"Deering, Hannah O",17/05/2015,9-Nov-23,10,1,5,1010,7-Oct-85,,18
1025,"Lloyd, Colin M",10/5/2015,,1,0,2,1023,18-Feb-69,,23
1026,"Gore, Bruno X",9/6/2015,,7,0,2,967,22-Dec-75,,18
1027,"Webb, Lynette Y",16/01/2016,,8,1,1,1005,23-Sep-86,,19
1028,"Watt, Gordon Y",29/11/2015,24-Jul-17,10,0,5,1010,2-Oct-63,,18
1029,"MacMillan, Leigh C",28/08/2015,,5,0,3,945,30-May-74,,18
1030,"Ewart, Adam C",6/10/2015,,2,0,3,1002,7-Mar-64,,17
1031,"Mills, Daniel S",8/11/2015,14-Jul-20,4,0,5,994,27-Dec-79,,19
1032,"Parkes, Edward N",22/05/2015,,9,0,1,986,14-Jul-74,,15
1033,"Ewart, Gill L",1/1/2015,,9,1,4,986,2-Mar-60,,15
1034,"Standen, Jayne S",19/08/2015,,3,1,4,984,15-Apr-74,,19
1035,"Norman, Davide Q",23/03/2015,,6,0,4,1003,18-May-91,,20
1036,"Pooley, Kathryn T",28/09/2015,,1,1,3,1023,1-May-62,,23
1037,"Gorton, Arthur L",23/08/2015,,8,0,3,1005,13-Apr-83,,19
1038,"Simpson, Leslie D",18/03/2015,,8,0,5,1005,17-Dec-94,,19
1039,"Brant, Rebecca V",31/07/2015,,6,1,5,1003,5-Sep-64,,20
1040,"Fleet, Colette E",1/1/2015,18-Nov-17,8,1,1,1005,8-Dec-55,,19
1041,"Shearer, George J",31/05/2015,,2,0,5,1002,7-Apr-65,,17
1042,"Johnson, Jane B",1/1/2015,18-Jul-18,6,1,1,1039,10-Jun-91,,21
1043,"Swart, Hannah X",22/08/2015,,3,1,1,984,8-Jan-63,,19
1044,"Murray, Anne J",27/06/2015,,8,1,2,1040,31-Oct-85,,20
1045,"Shearer, Sandra Y",27/04/2015,,7,1,4,1026,4-Oct-54,,19
1046,"Nash, Edward Q",3/7/2015,27-Mar-16,1,0,4,1023,12-Apr-83,,23
1047,"Andrews, Dimitrios E",19/06/2015,,10,0,4,1010,14-Feb-69,,18
1048,"Deering, Giulio O",8/10/2015,23-Dec-21,5,0,5,945,13-Oct-95,,18
1049,"Lloyd, Gary W",18/07/2015,,4,0,2,994,15-Feb-79,,19
1050,"Channing, Colette Y",1/8/2015,,10,1,5,1010,21-Sep-78,,18
1051,"Shelley, Bevis S",26/10/2015,,9,0,5,986,13-Feb-77,,15
1052,"Coppin, Jonathan L",17/05/2016,20-Apr-17,9,0,5,1051,7-Jun-76,,16
1053,"Bland, Tirzah H",22/01/2016,8-Jan-18,10,1,1,1010,20-Dec-58,,18
1054,"Lloyd, Jeanne I",13/05/2016,9-Nov-22,7,1,5,1026,2-Mar-93,,19
1055,"Rutherford, Antony K",25/02/2016,,8,0,2,1040,19-Dec-82,,20
1056,"Devlin, Dimitrios R",29/07/2016,9-Jul-19,6,0,5,1039,8-Apr-69,,21
1057,"Watt, Christopher T",12/9/2016,,6,0,5,1039,30-Apr-72,,21
1058,"Shute, Julie K",2/2/2017,,2,1,4,1002,11-Sep-78,,17
1059,"Leyland, Ian K",1/2/2016,,8,0,3,1040,9-Oct-80,,20
1060,"Turner, Anne I",12/1/2017,,2,1,3,1002,11-Mar-71,,17
1061,"Polizzi, Thomas P",7/4/2016,,5,0,4,945,15-Oct-78,,18
1062,"Geraghty, Helen P",1/12/2016,,3,1,3,984,6-Jul-62,,19
1063,"Colley, Gwendolyn D",24/03/2016,,2,1,2,1060,5-Feb-81,,18
1064,"MacMillan, Diane C",17/03/2016,15-Aug-21,6,1,2,1039,5-Jul-63,,21
1065,"Rawson, Sandra G",3/7/2016,,4,1,3,1049,30-Jan-90,,20
1066,"Woolley, Daniel R",19/03/2016,,8,0,3,1040,29-Jul-88,,20
1067,"Woolley, Chi L",25/07/2016,29-Jul-22,2,0,2,1060,30-Jul-80,,18
1068,"Bland, Amanda A",20/06/2016,,3,1,5,1062,5-Jun-61,,20
1069,"Crompton, Gwendolyn H",29/02/2016,,3,1,3,1062,13-Nov-71,,20
1070,"Mills, Raymond P",8/6/2016,8-Oct-21,5,0,4,1061,13-Jun-96,,19
1071,"Massie, Saleha X",25/03/2016,2-Sep-17,9,1,5,1051,13-May-61,,16
1072,"Wynn, Kathryn B",2/9/2016,,6,1,5,1039,9-Jun-89,,21
1073,"Stevenson, Philip D",19/10/2016,,7,0,2,1026,27-Aug-72,,19
1074,"Fleet, Herbert A",30/09/2016,,5,0,2,1061,18-Oct-68,,19
1075,"Green, Raymond H",16/06/2016,,10,0,4,1053,25-Oct-68,,19
1076,"Ranson, Eileen P",11/4/2016,27-Jan-22,8,1,2,1040,26-Mar-73,,20
1077,"Murray, Gary S",4/8/2016,,1,0,3,1023,9-Nov-80,,23
1078,"MacMillan, Sharmin L",7/3/2016,,1,1,4,1023,16-Oct-81,,23
1079,"Sheldrick, Linda A",22/03/2016,,10,1,3,1053,2-May-71,,19
1080,"Parke, Paul J",18/07/2016,,9,0,1,1051,3-Apr-73,,16
1081,"Watt, Adam T",22/06/2016,,7,0,4,1026,14-Sep-68,,19
1082,"Parrett, Rosalie G",8/6/2016,16-Apr-20,9,1,2,1051,7-Dec-75,,16
1083,"Colley, Elizabeth O",10/10/2016,,10,1,1,1053,26-May-66,,19
1084,"Jones, Christopher F",9/5/2016,3-Jun-22,1,0,4,1023,24-Feb-78,,23
1085,"Collingwood, Edward X",15/02/2016,,10,0,5,1053,30-Apr-70,,19
1086,"Coombs, Ann M",4/7/2016,,9,1,1,1051,22-May-70,,16
1087,"Robinson, Chi J",25/07/2016,,3,0,3,1062,18-Mar-83,,20
1088,"Goddard, Brigitte B",4/4/2016,,7,1,1,1026,27-Jul-57,,19
1089,"Smith, Nuala M",24/07/2016,,2,1,2,1060,26-Apr-68,,18
1090,"Richardson, Simon Y",27/05/2016,,8,0,1,1040,30-Mar-62,,20
1091,"Richards, Syed M",8/2/2016,,2,0,4,1060,21-May-74,,18
1092,"Pooley, Gary I",8/9/2016,,7,0,5,1026,14-Mar-61,,19
1093,"Walmsley, Roger R",21/12/2016,,9,0,5,1051,28-Jun-80,,16
1094,"Jarvis, Adam Y",14/10/2016,,9,0,1,1093,19-Apr-90,,17
1095,"Standen, Giulio C",8/7/2016,25-Oct-22,1,0,4,1084,16-Jul-76,,24
1096,"Roberts, Angela G",27/07/2016,,5,1,3,1061,5-Nov-83,,19
1097,"MacMillan, Francis H",20/04/2016,,4,0,1,1049,29-Apr-94,,20
1098,"Scholes, Harry P",11/6/2016,2-Jul-21,7,0,5,1092,12-Aug-77,,20
1099,"Lovett, Steven J",16/09/2016,14-Aug-17,7,0,5,1092,7-Sep-80,,20
1100,"Nielson, Philip M",27/09/2016,14-Jan-19,1,0,4,1084,1-Jul-75,,24
1101,"Mills, Michael I",10/8/2016,,5,0,4,1061,16-Jul-93,,19
1102,"Webb, Phyllis B",16/07/2016,,2,1,3,1060,12-Jan-73,,18
1103,"Channing, Bevis Y",29/03/2016,25-Jun-22,8,0,3,1090,20-Feb-69,,21
1104,"Brant, Sarah L",2/3/2016,,6,1,3,1039,23-Jul-84,,21
1105,"Turner, Hannah T",28/10/2016,,10,1,5,1053,15-Sep-63,,19
1106,"Woolley, Venetia Z",23/09/2017,,1,1,2,1084,2-Oct-71,,24
1107,"Housley, Kay L",25/09/2017,,10,1,1,1053,7-Mar-93,,19
1108,"Sheldrick, Darren N",13/03/2017,,1,0,1,1084,2-Jan-73,,24
1109,"Roberts, John E",15/02/2017,,10,0,4,1107,7-Sep-93,,20
1110,"Dingley, James S",4/10/2017,,7,0,3,1092,7-Apr-75,,20
1111,"Gilroy, Graham X",19/04/2017,,8,0,1,1090,6-Feb-85,,21
1112,"Rasul, Angela T",4/4/2017,,2,1,3,1060,21-Jan-80,,18
1113,"Stevenson, Jeanne Z",4/4/2017,,6,1,3,1104,31-Oct-79,,22
1114,"Bennett, Saleha S",26/06/2017,,8,1,4,1090,2-Apr-63,,21
1115,"Norman, Andree P",1/11/2017,,1,1,3,1084,3-Oct-72,,24
1116,"Wynn, Herbert R",8/7/2017,13-May-20,5,0,3,1061,12-Apr-92,,19
1117,"Devlin, Gillian X",24/04/2017,,9,1,3,1093,4-Jul-83,,17
1118,"Bennett, Gary S",26/10/2017,6-Apr-19,7,0,2,1092,15-Jul-74,,20
1119,"Massie, Mark Y",9/7/2017,13-Jun-21,7,0,5,1092,22-Jan-96,,20
1120,"Brant, Andrew K",20/05/2017,29-Oct-19,1,0,2,1084,13-Nov-69,,24
1121,"Goddard, Catherine V",10/6/2017,,8,1,3,1090,4-Nov-64,,21
1122,"Morris, Leigh X",24/01/2017,,7,0,1,1092,17-Jun-82,,20
1123,"Parrett, Giulio E",21/05/2017,,6,0,2,1104,3-Jul-55,,22
1124,"Mistry, Nuala I",22/09/2017,,6,1,1,1104,13-Jun-73,,22
1125,"Devlin, Catherine M",19/09/2017,,9,1,2,1093,24-Feb-59,,17
1126,"Robinson, Chi I",4/7/2017,,7,0,2,1122,27-Sep-71,,21
1127,"Bland, Gill M",13/02/2017,,2,1,2,1112,5-Feb-79,,19
1128,"Sheldrick, Tirzah N",23/03/2017,,1,1,5,1120,9-Jul-78,,25
1129,"Wynn, David V",7/7/2017,,4,0,5,1049,10-Nov-65,,20
1130,"Henry, Adele Z",11/11/2017,,9,1,3,1093,11-Sep-84,,17
1131,"Wynn, Eileen G",7/5/2017,,5,1,1,1061,18-Mar-60,,19
1132,"John, Martin E",17/11/2016,9-Apr-22,8,0,1,1090,29-Jan-75,,21
1133,"Bennett, Jean L",15/11/2017,,2,1,3,1112,29-Mar-71,,19
1134,"Smith, Amanda T",8/5/2017,,4,1,2,1049,1-Sep-66,,20
1135,"Dingley, Gillian T",1/8/2017,,3,1,1,1062,18-Aug-81,,20
1136,"Smith, Christopher I",24/11/2017,,6,0,3,1104,16-Dec-86,,22
1137,"Choi, Sharmin D",27/04/2017,,8,1,1,1090,9-Apr-86,,21
1138,"Jackson, Selina X",27/08/2017,,3,1,3,1062,21-Oct-56,,20
1139,"Deering, Maureen Q",6/8/2017,28-Oct-18,6,1,2,1104,23-Aug-74,,22
1140,"Collingwood, Amanda W",24/07/2017,,10,1,2,1107,27-Jan-68,,20
1141,"Turner, Ian X",9/5/2017,,10,0,2,1107,7-Jul-68,,20
1142,"Walmsley, Gary O",2/8/2017,,9,0,2,1093,8-May-91,,17
1143,"Wright, Antony I",21/07/2017,,4,0,1,1049,27-Apr-56,,20
1144,"Leyland, Eunice S",30/05/2017,23-Jun-19,3,1,4,1062,17-Sep-63,,20
1145,"Cousins, Angela E",19/07/2017,30-Jul-23,4,1,5,1049,16-Feb-77,,20
1146,"Pryde, Paulin Q",14/08/2017,,7,0,1,1122,15-Jul-51,,21
1147,"Crompton, Sarah C",23/07/2017,,9,1,2,1093,12-Aug-78,,17
1148,"Mistry, Gabriele J",13/04/2017,12-May-22,10,1,1,1107,14-Jun-64,,20
1149,"Gadd, Dimitrios Z",30/07/2017,15-Jul-19,8,0,1,1137,2-Feb-78,,22
1150,"Field, Clare Y",23/06/2017,,1,1,5,1120,16-Apr-56,,25
1151,"Richards, William J",24/08/2017,,3,0,4,1144,3-Jan-93,,21
1152,"Richardson, Davide T",6/9/2017,,8,0,4,1137,19-Oct-67,,22
1153,"Choi, Chi D",4/7/2017,24-Feb-21,5,0,5,1131,6-Oct-76,,20
1154,"Kenney, Timothy G",14/02/2017,,2,0,4,1112,25-Sep-69,,19
1155,"Jackson, Andree W",16/10/2017,,2,1,3,1112,5-May-78,,19
1156,"Barrett, Edward V",10/6/2017,7-Jul-19,9,0,3,1147,8-Feb-87,,18
1157,"Pryde, Martin I",31/07/2017,8-Aug-22,1,0,2,1120,16-Feb-73,,25
1158,"Hyslop, Elisabeth V",26/08/2017,,7,1,1,1122,2-Nov-77,,21
1159,"Crompton, Gordon R",26/06/2017,22-Oct-19,4,0,2,1145,2-Oct-68,,21
1160,"Shelley, Colin A",30/07/2017,,3,0,2,1144,8-Nov-85,,21
1161,"Pryde, Douglas Q",27/08/2017,,6,0,3,1104,1-Sep-97,,22
1162,"Bland, Gwendolyn R",3/6/2018,,2,1,4,1112,24-Aug-66,,19
1163,"Andrews, Adrian X",13/05/2018,,6,0,4,1161,24-Dec-80,,23
1164,"Lovett, Miroslawa O",14/08/2018,30-May-23,10,1,4,1107,23-Apr-81,,20
1165,"Field, Alan O",20/02/2019,13-Jul-21,6,0,4,1161,9-Jun-87,,23
1166,"Richards, Adele D",9/6/2018,,6,1,4,1161,31-May-90,,23
1167,"Mongan, Joseph X",7/5/2018,,4,0,1,1145,26-Apr-71,,21
1168,"Parkes, George K",7/9/2018,16-Nov-18,1,0,1,1120,7-Jan-89,,25
1169,"Pryde, Angela Y",16/06/2018,,5,1,2,1131,20-Dec-72,,20
1170,"Murray, Laura I",10/8/2018,,4,1,2,1145,9-Dec-84,,21
1171,"Parke, Gillian G",22/09/2018,,6,1,1,1161,14-Feb-76,,23
1172,"Polizzi, Joanne N",13/07/2018,,3,1,1,1144,24-Jul-66,,21
1173,"Powell, Bhavna P",7/7/2018,15-Sep-19,3,1,5,1144,28-Aug-61,,21
1174,"Parrett, Herbert T",24/02/2018,,3,0,5,1144,21-Jul-81,,21
1175,"Parke, Graham I",7/7/2018,,2,0,4,1112,8-Mar-78,,19
1176,"John, Katie J",23/07/2018,4-Oct-18,5,1,1,1131,4-Mar-81,,20
1177,"Lovett, Ian V",28/04/2018,,6,0,2,1161,2-Jan-83,,23
1178,"Gadd, Frank U",2/3/2018,,9,0,1,1147,31-Mar-86,,18
1179,"Crompton, Martin O",27/10/2018,,8,0,3,1137,14-Jan-71,,22
1180,"Gadd, Sharmin Q",6/2/2018,,1,1,2,1120,11-Feb-98,,25
1181,"Jones, Gordon Q",10/6/2018,,3,0,3,1144,24-Jun-68,,21
1182,"Hulme, Rosalie W",15/07/2018,,8,1,5,1137,19-Dec-68,,22
1183,"Mills, Julie B",25/05/2018,5-Jan-23,10,1,3,1107,16-Oct-56,,20
1184,"Gadd, Andree N",11/7/2018,,8,1,3,1137,13-May-78,,22
1185,"Barrett, Lesley U",3/6/2018,,8,1,2,1137,4-Jul-74,,22
1186,"Parrett, Kevin N",11/9/2018,,5,0,5,1131,5-Jul-70,,20
1187,"Crompton, William L",5/6/2018,,2,0,1,1175,17-Jun-83,,20
1188,"Gilroy, Anna U",9/6/2018,,3,1,2,1181,16-Jan-74,,22
1189,"Standen, Dimitrios J",20/09/2018,,4,0,2,1145,26-Jan-87,,21
1190,"Johnson, Hannah S",4/9/2018,,1,1,3,1120,20-Feb-87,,25
1191,"Field, Anastasia A",14/04/2018,,8,1,1,1185,18-Dec-74,,23
1192,"Mills, Yvonne L",5/1/2018,,2,1,1,1175,28-May-70,,20
1193,"Goddard, Karen N",5/10/2018,,4,1,1,1145,29-May-87,,21
1194,"Pryde, Paulin S",6/9/2018,4-May-22,9,0,5,1147,12-Dec-79,,18
1195,"Norman, Russell B",5/5/2018,,3,0,5,1181,15-Mar-82,,22
1196,"Crompton, Leigh M",14/07/2018,,6,0,5,1161,15-Sep-73,,23
1197,"Jarvis, Judy I",17/06/2018,,2,1,1,1175,9-Oct-83,,20
1198,"Ewart, Diane W",31/03/2018,4-Apr-19,2,1,2,1175,25-Oct-70,,20
1199,"Murray, Anna K",19/06/2018,,1,1,3,1190,9-Jan-61,,26
1200,"Lloyd, Kay Y",11/10/2018,,7,1,5,1122,19-May-72,,21
1201,"Powell, Diane F",20/11/2018,,2,1,2,1175,1-May-76,,20
1202,"Rawson, Amanda V",31/05/2018,,6,1,5,1196,15-Feb-79,,24
1203,"McCarthy, Venetia L",3/4/2018,,8,1,5,1185,29-May-81,,23
1204,"Nash, Iris T",2/5/2018,,7,1,2,1122,29-Apr-79,,21
1205,"Field, Jeanne D",22/07/2018,,1,1,2,1190,10-Jul-81,,26
1206,"Bland, Joanna R",16/07/2018,,3,1,5,1181,21-Jul-98,,22
1207,"Wright, Irene I",31/10/2017,22-Jan-22,9,1,1,1147,25-Jan-67,,18
1208,"Hulme, Herbert M",1/5/2018,,10,0,4,1183,3-Aug-71,,21
1209,"Seabrook, Patricia Q",7/5/2018,28-Jun-22,7,1,2,1122,7-Dec-60,,21
1210,"Lovett, Francis B",5/6/2018,,8,0,1,1185,12-Dec-77,,23
1211,"Hyslop, Brigitte I",25/05/2018,28-Apr-22,9,1,2,1147,4-Apr-74,,18
1212,"Smith, Olu J",23/04/2018,,6,0,2,1196,29-Jun-69,,24
1213,"Parrett, Mark P",25/05/2018,,8,0,2,1185,13-Oct-77,,23
1214,"Gadd, Chi P",17/09/2018,1-Jul-23,3,0,1,1181,20-Sep-74,,22
1215,"Colley, Iris W",7/9/2018,20-May-19,2,1,2,1175,28-Apr-67,,20
1216,"Woolley, Laura D",2/2/2018,,4,1,5,1145,2-Aug-77,,21
1217,"Lovett, Peter H",21/09/2018,,4,0,1,1216,3-Nov-82,,22
1218,"Walmsley, Catherine Y",16/12/2017,29-Oct-22,4,1,3,1216,27-Jan-92,,22
1219,"Gore, Roy S",27/09/2018,,8,0,2,1185,7-Feb-73,,23
1220,"Green, Jonathan X",20/07/2018,25-Dec-23,3,0,1,1181,26-Feb-82,,22
1221,"Colley, Selina R",3/8/2019,,9,1,3,1147,23-Sep-74,,18
1222,"Norman, Bruno T",20/09/2019,,4,0,1,1216,15-Dec-77,,22
1223,"Pryde, Ann V",1/5/2019,,3,1,1,1181,16-Aug-60,,22
1224,"Swart, Ripduman M",11/7/2019,,6,1,1,1196,24-Jul-76,,24
1225,"Hardy, Anastasia Q",12/1/2020,,10,1,3,1183,4-Feb-68,,21
1226,"Wilson, Nicola W",3/4/2019,,5,1,3,1131,23-Nov-91,,20
1227,"Barrett, Karen W",18/05/2019,,4,1,3,1216,22-Aug-82,,22
1228,"Coombs, Rosalie H",21/07/2019,18-May-23,6,1,1,1196,13-Aug-83,,24
1229,"MacMillan, Colin V",2/9/2019,,1,0,4,1190,15-Sep-95,,26
1230,"McCarthy, Adele O",27/09/2019,,4,1,3,1216,15-Jun-75,,22
1231,"Dawber, George Z",25/07/2019,,2,0,4,1215,9-Oct-72,,21
1232,"Parrett, Roy G",15/08/2019,13-Mar-23,10,0,4,1183,23-Jan-96,,21
1233,"Walmsley, Morag M",26/06/2019,6-Jul-21,10,1,2,1183,29-Nov-75,,21
1234,"Shute, Kathryn G",22/06/2019,,9,1,1,1221,13-Mar-69,,19
1235,"Wilson, Iris X",15/10/2019,16-Nov-21,10,1,1,1183,4-Nov-65,,21
1236,"Bennett, Diane B",31/08/2019,,5,1,2,1131,31-Mar-89,,20
1237,"Mistry, Bruno S",2/5/2019,10-Jan-23,3,0,4,1223,18-Dec-74,,23
1238,"Collingwood, Shane I",27/08/2019,,10,0,4,1183,30-Jul-89,,21
1239,"Devlin, James E",29/04/2019,,2,0,5,1215,15-May-84,,21
1240,"Brant, Julie Q",19/06/2019,,4,1,4,1216,9-Mar-86,,22
1241,"Gorton, Edward T",15/03/2019,,3,0,5,1223,29-Oct-71,,23
1242,"Marsden, Jill G",6/11/2019,5-Nov-22,9,1,2,1221,10-Sep-91,,19
1243,"Murray, Alison T",21/07/2019,,8,1,4,1185,8-Dec-82,,23
1244,"Seabrook, Sally W",28/05/2019,25-Dec-19,5,1,1,1236,25-May-65,,21
1245,"Woolley, Eunice T",9/7/2019,23-Mar-22,7,1,5,1209,13-Apr-64,,22
1246,"Shelley, Christopher Z",12/7/2019,,9,0,3,1221,1-Jul-94,,19
1247,"Lovett, Nicholas U",2/5/2019,,6,0,2,1196,9-Dec-73,,24
1248,"Parkes, Leigh R",12/5/2019,18-Jul-22,8,0,1,1243,29-Jun-77,,24
1249,"Fleet, Kathleen R",6/5/2019,,5,1,3,1236,25-May-96,,21
1250,"Andrews, Rebecca K",17/06/2019,,4,1,1,1240,2-May-72,,23
1251,"Geraghty, Clare R",30/11/2019,,9,1,2,1221,6-Nov-60,,19
1252,"Powell, Leonard C",19/11/2019,,6,0,3,1196,9-Sep-69,,24
1253,"Andrews, Colette M",25/05/2019,,6,1,4,1252,1-May-91,,25
1254,"Field, Bevis J",9/11/2019,,4,0,5,1240,20-Sep-74,,23
1255,"Gore, Jill I",17/11/2019,,8,1,3,1243,29-Oct-79,,24
1256,"Gore, Colette V",18/08/2019,,2,1,3,1215,7-May-71,,21
1257,"Simpson, Sarah N",8/6/2019,,5,1,1,1236,24-Jul-83,,21
1258,"Barrett, Frank V",19/05/2019,,9,0,4,1221,8-Aug-88,,19
1259,"Green, Davide T",14/06/2019,,4,0,5,1240,26-Oct-73,,23
1260,"Webb, Robert C",22/09/2019,,4,0,1,1240,15-Apr-68,,23
1261,"Bland, Sylvia F",24/04/2019,,9,1,1,1221,23-Sep-69,,19
1262,"Barrett, Kathleen Z",8/8/2019,,7,1,1,1209,16-Aug-89,,22
1263,"Norman, Jane W",12/5/2019,,6,1,1,1252,4-Jul-86,,25
1264,"MacMillan, Simon L",19/08/2019,,2,0,1,1215,23-Sep-76,,21
1265,"Dingley, Nishma Z",11/7/2019,,8,1,1,1243,8-Dec-89,,24
1266,"John, Frank B",25/08/2019,,5,0,4,1236,26-Nov-70,,21
1267,"Webb, Jill M",19/11/2019,,9,1,5,1261,14-Dec-70,,20
1268,"Jackson, Peter B",19/07/2019,,5,0,2,1236,11-Jun-92,,21
1269,"Andrews, Colette L",22/02/2019,,3,1,5,1223,3-Aug-77,,23
1270,"Wynn, Jill E",21/04/2019,,10,1,1,1238,18-Sep-68,,22
1271,"Crompton, Christopher O",6/7/2019,,6,0,2,1252,1-Jun-64,,25
1272,"Fleet, Nazma G",19/05/2019,24-Dec-23,1,1,2,1190,19-Oct-89,,26
1273,"Lewis, Alan T",21/09/2019,,6,0,5,1252,31-Aug-94,,25
1274,"Mongan, Sarah J",3/5/2019,,9,1,2,1261,2-Aug-75,,20
1275,"Mead, Antony Z",26/05/2019,,5,0,5,1236,24-Nov-86,,21
1276,"Robinson, John F",13/07/2019,,5,0,5,1275,18-Feb-85,,22
1277,"Webb, Iris I",25/07/2019,,3,1,2,1223,7-Dec-89,,23
1278,"Gibbs, Nishma Y",31/03/2019,,1,1,4,1190,9-Aug-55,,26
1279,"Henry, Joanne D",10/7/2019,19-May-23,8,1,1,1243,19-Dec-76,,24
1280,"Barrett, Gordon W",20/02/2019,,8,0,4,1243,31-Aug-80,,24
1281,"Shute, Arthur V",1/11/2019,,2,0,5,1215,29-Dec-84,,21
1282,"Ewart, Helen F",28/05/2019,,2,1,5,1215,10-May-73,,21
1283,"Devlin, Angela Y",5/1/2021,,6,1,4,1252,13-Nov-91,,25
1284,"Leyland, Paul J",28/05/2020,30-Jan-23,10,0,4,1238,30-May-83,,22
1285,"King, Elsie G",11/10/2020,,2,1,2,1282,24-Mar-86,,22
1286,"Richards, Samantha F",16/08/2020,,7,1,3,1209,23-Dec-95,,22
1287,"Devlin, Chi J",20/06/2020,,2,0,4,1282,26-Apr-74,,22
1288,"Shearer, Harry H",5/7/2020,,2,0,5,1282,25-Nov-63,,22
1289,"Robinson, Colin J",23/07/2020,18-Jun-21,9,0,2,1261,18-Dec-89,,20
1290,"MacMillan, Eileen X",18/10/2020,11-Mar-22,3,1,4,1223,22-Apr-77,,23
1291,"Channing, David S",10/3/2020,,9,0,4,1261,17-Nov-80,,20
1292,"Scholes, Raymond P",30/05/2020,24-Feb-21,4,0,2,1240,28-Mar-55,,23
1293,"Dawber, Elizabeth J",25/08/2020,,8,1,3,1243,27-Nov-96,,24
1294,"Swart, Darren M",22/04/2020,1-Jul-20,2,0,4,1282,6-Oct-83,,22
1295,"Murray, Maureen Q",25/02/2020,21-Dec-23,9,1,2,1261,17-Sep-71,,20
1296,"Goddard, Clare L",29/08/2020,,5,1,3,1275,17-Jun-95,,22
1297,"Massie, Adam V",24/04/2020,,1,0,1,1190,5-Sep-77,,26
1298,"Stevenson, Timothy Z",21/07/2020,5-Oct-21,6,0,2,1252,26-Jul-00,,25
1299,"Gadd, George A",20/06/2020,11-Jul-22,7,0,1,1209,18-May-83,,22
1300,"Murray, Jeanne N",19/04/2020,,3,1,2,1223,6-Mar-67,,23
1301,"Jackson, Bevis X",7/6/2020,26-Nov-21,1,0,1,1297,19-Jun-84,,27
1302,"Woolley, Gillian F",21/08/2020,,2,1,1,1282,2-Nov-80,,22
1303,"Polizzi, Peter K",14/06/2020,27-Jan-22,4,0,3,1240,1-Jan-73,,23
1304,"Gore, Leigh P",22/09/2020,,1,0,2,1297,19-Mar-78,,27
1305,"Pryde, Leonard R",23/04/2020,,10,0,2,1238,16-Dec-76,,22
1306,"Johnson, Elisabeth U",26/07/2020,,1,1,2,1297,31-Jul-00,,27
1307,"Scholes, Jean L",20/08/2020,,5,1,4,1275,18-Apr-73,,22
1308,"Richards, Arthur A",15/05/2020,,10,0,2,1238,17-Jul-78,,22
1309,"Jones, Emma X",22/10/2020,,5,1,5,1275,24-Feb-82,,22
1310,"Parkes, Sarah M",23/05/2020,10-Jun-21,8,1,2,1293,30-Sep-70,,25
1311,"Pryde, Catherine T",24/04/2020,,10,1,2,1238,14-Jan-78,,22
1312,"McCarthy, Joseph Y",28/05/2020,,5,0,1,1275,19-Jun-86,,22
1313,"Richards, Angela W",22/07/2020,,2,1,5,1282,23-Sep-67,,22
1314,"Ewart, Phyllis W",24/12/2020,,1,1,3,1297,28-Feb-69,,27
1315,"Powell, Jill X",21/12/2019,,4,1,3,1303,28-Apr-73,,24
1316,"Nielson, Patricia L",18/05/2020,,10,1,5,1238,23-Mar-77,,22
1317,"Dingley, Katie O",17/07/2020,,4,1,4,1303,29-Jul-80,,24
1318,"Leyland, Robert F",6/10/2020,,10,0,4,1316,25-Apr-95,,23
1319,"MacMillan, Timothy T",7/6/2020,22-Mar-21,5,0,5,1275,6-Aug-75,,22
1320,"Andrews, Nazma B",16/12/2020,,5,1,4,1319,3-Feb-88,,23
1321,"Kenney, Douglas F",13/06/2020,27-Jul-22,7,0,4,1209,16-Mar-90,,22
1322,"Collingwood, Leigh O",1/3/2020,,1,0,2,1297,30-Jan-83,,27
1323,"Webb, Ian A",16/06/2020,,7,0,3,1209,27-Jul-89,,22
1324,"Norman, Colin K",12/8/2020,,4,0,5,1303,2-Apr-84,,24
1325,"Primrose, Julie U",30/07/2020,,8,1,2,1293,6-Apr-53,,25
1326,"John, Catherine A",20/04/2020,,6,1,2,1298,27-Mar-75,,26
1327,"Dawber, Jayne C",15/07/2020,,4,1,4,1303,17-Mar-81,,24
1328,"Jones, Ripduman K",7/9/2020,,2,1,2,1313,15-Dec-78,,23
1329,"Haigh, Miroslawa B",1/6/2020,24-May-23,3,1,1,1300,3-Jun-72,,24
1330,"Channing, Morag M",5/5/2020,,5,1,3,1319,19-May-84,,23
1331,"Jackson, Bruno Y",7/7/2020,,1,0,3,1297,13-Apr-90,,27
1332,"Pooley, Ann E",12/3/2020,,6,1,5,1298,22-Jan-87,,26
1333,"Lloyd, Tirzah S",16/07/2020,,6,1,4,1298,11-Dec-85,,26
1334,"Gilroy, Rajesh L",15/12/2020,,5,0,5,1319,9-Jul-81,,23
1335,"Sheldrick, Elsie O",13/07/2020,,8,1,1,1293,2-Feb-70,,25
1336,"Ranson, Colette V",22/11/2020,,5,1,4,1319,27-Oct-73,,23
1337,"Housley, Christopher S",10/4/2020,,1,0,5,1331,10-Mar-87,,28
1338,"Pryde, Leslie A",19/04/2020,,7,0,2,1323,4-Jan-92,,23
1339,"Webb, Irene M",9/9/2020,21-Apr-23,7,1,1,1323,22-Jan-80,,23
1340,"Powell, Carol B",15/02/2020,,8,1,2,1293,12-Nov-81,,25
1341,"Gadd, Gwendolyn C",27/08/2020,,3,1,1,1300,8-Dec-92,,24
1342,"Gorton, Katie N",20/09/2020,,9,1,3,1261,25-Sep-00,,20
1343,"Pryde, Diane M",1/11/2020,,5,1,2,1319,23-Jun-75,,23
1344,"Powell, Chi C",19/03/2020,,1,0,2,1331,23-Aug-87,,28
1345,"Gilroy, Michael V",4/4/2020,,7,0,2,1323,24-Apr-77,,23
1346,"Rasul, Bruno V",1/7/2020,,6,0,3,1298,7-Oct-91,,26
1347,"Hyslop, Lisa V",28/03/2020,,3,1,2,1300,10-Sep-84,,24
1348,"Coombs, Elsie B",8/5/2021,,2,1,5,1313,17-Oct-88,,23
1349,"Coppin, Roger A",16/09/2021,,4,0,5,1303,21-Sep-01,,24
1350,"Murray, Helen J",19/03/2021,,3,1,5,1300,4-Apr-92,,24
1351,"Hyslop, Giulio I",29/05/2021,,10,0,4,1316,26-Dec-83,,23
1352,"Hardy, Alan I",22/11/2020,,3,0,1,1300,15-Jan-72,,24
1353,"Cousins, Adele E",23/08/2021,,4,1,5,1303,27-Sep-94,,24
1354,"McCarthy, Harry G",24/03/2021,,6,0,1,1298,16-Aug-85,,26
1355,"MacMillan, Lisa B",4/7/2021,,5,1,3,1319,6-Nov-84,,23
1356,"Kenney, Paul I",30/04/2021,,9,0,3,1342,6-Mar-78,,21
1357,"Lovett, Emma D",4/5/2021,15-Jun-23,8,1,3,1293,11-Mar-65,,25
1358,"Rasul, Douglas O",30/05/2021,,8,0,2,1293,18-Feb-80,,25
1359,"Jackson, Martin C",25/05/2021,,2,0,4,1313,12-Jan-87,,23
1360,"Jones, Bhavna O",5/9/2021,24-Jul-23,1,1,3,1331,11-Oct-87,,28
1361,"Smith, Karen V",23/09/2021,,7,1,4,1323,13-Mar-82,,23
1362,"Parke, Alan A",21/12/2021,,6,0,4,1298,23-Nov-75,,26
1363,"Woolley, Anna N",1/5/2021,,8,1,1,1358,25-Aug-76,,26
1364,"Mistry, Jill R",29/08/2021,,10,1,1,1316,13-Jan-74,,23
1365,"Field, Elisabeth L",19/11/2021,,7,1,4,1323,1-Oct-76,,23
1366,"Bennett, Joanna T",10/8/2021,,5,1,3,1355,25-May-89,,24
1367,"Rawson, Adrian V",1/7/2021,,9,0,3,1342,26-Sep-89,,21
1368,"Polizzi, Morag E",1/8/2021,,4,1,5,1353,13-Aug-73,,25
1369,"Ranson, Sandra W",7/7/2021,2-Apr-22,2,1,1,1313,20-Aug-76,,23
1370,"Ewart, Gary O",5/5/2021,,3,0,4,1300,9-Sep-69,,24
1371,"Mongan, Brigitte J",4/8/2021,,8,1,1,1358,27-Jul-00,,26
1372,"Mistry, Maureen A",15/05/2021,,4,1,5,1353,28-Nov-80,,25
1373,"Gadd, Christopher M",28/06/2021,,6,0,5,1362,27-Jul-83,,27
1374,"Hyslop, Diana B",19/05/2021,,1,1,4,1331,22-Aug-68,,28
1375,"Jones, Joseph F",11/4/2021,,5,0,4,1355,19-Sep-61,,24
1376,"Turner, Samantha O",23/05/2021,,5,1,4,1355,9-Apr-82,,24
1377,"Ranson, Harry W",22/06/2021,6-May-22,2,0,4,1313,12-Oct-88,,23
1378,"Marsden, Joseph N",10/4/2021,,8,0,2,1358,16-May-84,,26
1379,"Scholes, Nuala D",25/06/2021,,7,1,3,1323,10-Sep-83,,23
1380,"Turner, Bruno X",19/08/2021,,3,0,2,1370,31-Mar-71,,25
1381,"Colley, Rebecca E",22/10/2021,,9,1,2,1342,20-May-93,,21
1382,"Hulme, Julie Q",19/04/2021,,4,1,5,1353,5-May-77,,25
1383,"Sheldrick, Miroslawa Z",17/11/2021,,9,1,4,1342,23-Jan-69,,21
1384,"Fleet, Sandra I",23/07/2021,,7,1,3,1379,31-Dec-71,,24
1385,"Gilroy, Carmel I",22/05/2021,,3,1,5,1370,16-Oct-74,,25
1386,"Massie, Andrew L",2/5/2021,,1,0,3,1331,20-Jun-84,,28
1387,"Hulme, John D",17/06/2021,,10,0,3,1316,24-Sep-79,,23
1388,"Cousins, Steven B",7/7/2021,,5,0,4,1355,6-Nov-82,,24
1389,"Johnson, Francis Z",17/12/2021,,9,0,3,1342,19-Dec-90,,21
1390,"Collingwood, Alan C",6/6/2021,,6,0,3,1362,26-Jun-85,,27
1391,"Hulme, Jane L",14/12/2020,,7,1,4,1379,16-Jan-87,,24
1392,"Richards, Miroslawa D",15/08/2021,,6,1,5,1362,29-Dec-85,,27
1393,"Mills, Frances E",14/06/2021,,10,1,5,1316,25-Apr-82,,23
1394,"Hardy, Adam B",6/11/2021,,1,0,4,1331,26-Sep-96,,28
1395,"Parkes, Darren C",20/08/2021,,5,0,5,1355,28-Jun-82,,24
1396,"Gilroy, Nuala U",21/07/2021,,9,1,5,1342,12-Sep-91,,21
1397,"Jackson, Jean R",29/09/2021,,5,1,2,1355,8-Mar-72,,24
1398,"Mistry, Jeanne E",15/07/2021,,3,1,1,1370,27-Apr-93,,25
1399,"Scholes, Kathryn B",5/10/2021,,1,1,2,1394,7-Nov-70,,29
1400,"Nash, Olu X",17/10/2021,,10,0,2,1316,31-Dec-71,,23
1401,"Devlin, Roger H",14/03/2021,,8,0,5,1358,23-Sep-74,,26
1402,"Nash, Richard V",18/11/2020,,1,0,1,1394,14-Aug-89,,29
1403,"Gorton, Sarah M",9/6/2021,,4,1,4,1353,27-Sep-72,,25
1404,"Hulme, Adam Q",28/06/2021,13-Dec-23,4,0,3,1353,15-Sep-81,,25
1405,"Gilroy, Alan R",27/06/2021,,4,0,3,1353,14-Jul-77,,25
1406,"Collingwood, Anne B",13/07/2021,,4,1,4,1405,29-May-66,,26
1407,"Webb, Gill S",2/8/2021,,2,1,1,1313,27-Apr-83,,23
1408,"Pryde, David O",12/12/2021,,10,0,5,1400,28-Oct-92,,24
1409,"Lewis, Jeanne B",22/05/2021,,3,1,1,1370,23-Aug-80,,25
1410,"Goddard, Frank M",20/04/2021,,3,0,3,1370,11-Jun-80,,25
1411,"Morris, Antony C",5/3/2021,,6,0,4,1362,16-May-80,,27
1412,"Woolley, Gwendolyn S",27/02/2021,,8,1,1,1358,15-Aug-91,,26
1413,"Walmsley, Lynette Q",14/04/2021,,2,1,5,1407,11-Nov-93,,24
1414,"Wilson, Liam Y",27/09/2021,,1,0,5,1394,30-May-99,,29
1415,"Andrews, Joanne N",21/08/2021,,4,1,2,1405,24-Apr-89,,26
1416,"Dawber, Rebecca I",26/08/2022,,7,1,2,1379,6-Dec-83,,24
1417,"Cousins, George U",9/3/2022,25-May-23,10,0,1,1400,21-Jun-69,,24
1418,"Rutherford, Stuart Q",7/8/2022,,9,0,2,1396,19-Apr-84,,22
1419,"Choi, Margaret Q",15/05/2022,,9,1,4,1396,15-Apr-87,,22
1420,"Rasul, Leigh H",14/04/2023,,8,0,5,1358,10-Sep-83,,26
1421,"Gore, Yvonne X",4/3/2022,,9,1,4,1396,17-Jan-59,,22
1422,"Richardson, Alison O",4/1/2022,,9,1,1,1396,26-Aug-82,,22
1423,"Ewart, Andree B",31/03/2022,,9,1,3,1396,15-Apr-83,,22
1424,"Simpson, Brigitte I",4/7/2022,,6,1,3,1362,9-May-69,,27
1425,"Ranson, Dimitrios F",9/1/2022,,6,0,2,1362,23-Jun-81,,27
1426,"Sheldrick, Jeanne B",24/05/2022,,5,1,1,1397,11-Aug-88,,25
1427,"Woodbridge, Josie B",15/12/2021,2-Mar-23,9,1,5,1396,14-Feb-98,,22
1428,"Pryde, Adele G",15/03/2022,,1,1,5,1394,19-Mar-00,,29
1429,"Sheldrick, Amanda A",29/07/2022,,9,1,5,1427,26-Apr-62,,23
1430,"Bennett, Sally R",29/05/2022,,6,1,5,1425,19-Mar-80,,28
1431,"Coppin, Raymond C",21/04/2022,,6,0,1,1425,13-Sep-71,,28
1432,"Polizzi, Douglas F",3/8/2022,,2,0,2,1407,7-Oct-97,,24
1433,"Brant, Gill B",7/9/2022,,5,1,5,1397,15-Jul-91,,25
1434,"Parrett, Gordon H",31/07/2022,,4,0,1,1405,27-Apr-64,,26
1435,"Pooley, Samantha E",28/03/2022,,4,1,4,1405,16-Nov-84,,26
1436,"Polizzi, Iris R",8/3/2022,,4,1,3,1405,13-Mar-02,,26
1437,"Devlin, Richard G",22/02/2022,,7,0,2,1379,1-Jan-95,,24
1438,"Ranson, Kay M",1/5/2022,29-Apr-23,6,1,3,1425,25-Dec-81,,28
1439,"Jackson, Rosalie W",12/10/2022,,9,1,4,1427,5-Mar-95,,23
1440,"Marsden, Lynnette H",25/12/2022,,5,1,1,1397,7-Jun-85,,25
1441,"Shute, Venetia M",26/07/2022,,4,1,5,1405,4-Feb-88,,26
1442,"Ranson, Harry E",22/09/2022,,3,0,1,1370,22-Aug-82,,25
1443,"Housley, Antony D",6/3/2022,,6,0,1,1425,18-Dec-89,,28
1444,"Gorton, Carmel F",10/10/2022,,3,1,5,1442,22-Mar-75,,26
1445,"Lewis, Robert A",3/2/2022,,10,0,5,1400,14-Mar-89,,24
1446,"Murray, Kevin I",23/08/2022,,2,0,1,1407,20-Aug-77,,24
1447,"Wynn, Daniel U",14/05/2022,,8,0,5,1420,22-Jan-85,,27
1448,"Nash, Leonard M",30/05/2022,,4,0,5,1441,28-Jan-73,,27
1449,"Coombs, Gabriele Q",11/10/2022,,10,1,3,1400,30-Jan-87,,24
1450,"Bland, Christopher H",17/07/2022,,6,0,5,1425,1-Jan-85,,28
1451,"Gore, Chi X",14/04/2022,,10,0,4,1400,16-Aug-93,,24
1452,"Ewart, Rebecca T",14/03/2022,,4,1,3,1441,23-Dec-84,,27
1453,"Watt, Darren N",6/1/2023,20-Feb-23,10,0,5,1400,5-May-79,,24
1454,"Stevenson, Bevis Y",9/12/2022,,4,0,2,1441,12-Sep-86,,27
1455,"Wright, Arthur T",1/6/2022,,2,0,1,1407,21-Aug-70,,24
1456,"Gibbs, Andrew K",17/04/2022,,2,0,4,1407,10-Aug-92,,24
1457,"Pooley, Gabriele B",20/06/2022,,9,1,3,1427,12-Mar-84,,23
1458,"Stevenson, Bevis N",17/06/2022,,1,0,3,1394,4-Oct-89,,29
1459,"Massie, Leigh T",27/04/2022,,9,0,1,1427,19-May-63,,23
1460,"Smith, Gwendolyn S",8/9/2022,,1,1,1,1394,1-Feb-97,,29
1461,"Kenney, Jill B",30/07/2022,,9,1,3,1427,5-Aug-84,,23
1462,"Powell, Tracey E",6/9/2022,,3,1,4,1442,4-Aug-01,,26
1463,"Rutherford, Antony U",6/4/2022,,5,0,5,1397,16-Feb-90,,25
1464,"Parkes, Helen G",19/10/2022,,3,1,2,1442,3-Aug-79,,26
1465,"Ranson, George G",30/05/2022,,6,0,4,1425,19-Sep-73,,28
1466,"Brant, Colin L",3/6/2022,,7,0,2,1379,5-Oct-94,,24
1467,"Henry, Gordon U",12/12/2022,,3,0,2,1442,10-Jul-87,,26
1468,"Marsden, Ripduman T",22/07/2022,,10,1,2,1453,4-Oct-76,,25
1469,"Scholes, Edward U",22/07/2022,,4,0,2,1441,6-Oct-00,,27
1470,"King, Alan I",16/03/2022,,5,0,3,1397,22-Mar-99,,25
1471,"Seabrook, Kathleen N",25/06/2022,,6,1,1,1465,27-Oct-00,,29
1472,"Shelley, Sharmin A",22/05/2022,,3,1,4,1442,23-Jun-84,,26
1473,"Gadd, Arthur G",1/4/2022,,10,0,5,1453,29-Aug-87,,25
1474,"Mistry, Hannah A",24/04/2022,,1,1,2,1460,31-Dec-90,,30
1475,"Nielson, Christopher O",16/07/2022,,4,0,4,1441,21-Jul-02,,27
1476,"Seabrook, Karen C",8/7/2022,,5,1,5,1397,25-Apr-85,,25
1477,"Mills, Colin X",13/09/2022,,3,0,4,1442,24-Dec-73,,26
1478,"McCarthy, Adrian S",21/07/2022,,7,0,2,1379,12-Jun-02,,24
1479,"Standen, Grace Q",8/5/2022,,2,1,5,1407,19-Aug-83,,24
1480,"Brant, Gabriele A",22/06/2022,,10,1,3,1453,24-Jul-94,,25
1481,"Massie, Herbert Y",27/06/2022,,7,0,4,1478,26-Oct-72,,25
1482,"Barrett, Christopher V",19/04/2022,,3,0,1,1477,28-Nov-90,,27
1483,"McCarthy, Alan F",19/04/2022,,10,0,4,1453,20-Jan-81,,25
1484,"Leyland, Tirzah E",27/05/2022,,8,1,3,1420,10-Feb-73,,27
1485,"Gibbs, Bhavna K",25/12/2022,,9,1,3,1427,11-Oct-84,,23
1486,"Richards, Elsie G",15/11/2022,,2,1,1,1479,14-Oct-85,,25
1487,"Sheldrick, Diane I",3/5/2022,,8,1,2,1420,22-Aug-80,,27
1488,"Hyslop, Adrian O",25/08/2023,,6,0,1,1465,8-Apr-91,,29
1489,"Rutherford, Judy T",16/07/2023,,4,1,2,1441,20-Sep-63,,27
1490,"Fleet, Richard W",19/06/2023,,3,0,1,1477,27-Feb-72,,27
1491,"Watt, Anastasia M",27/06/2023,,10,1,2,1453,13-Sep-76,,25
1492,"Rawson, Samantha Z",13/02/2023,,5,1,1,1476,5-Jun-68,,26
1493,"Wright, Gary L",18/04/2023,,4,0,4,1489,6-Nov-84,,28
1494,"Ranson, Darren S",5/7/2023,,3,0,4,1477,24-Feb-73,,27
1495,"Turner, Douglas Z",18/05/2023,,10,0,4,1453,15-Nov-63,,25
1496,"Andrews, Lynnette J",20/07/2023,,2,1,2,1479,23-Nov-78,,25
1497,"Leyland, Julie Z",21/08/2023,,7,1,2,1478,18-Aug-86,,25
1498,"McCarthy, Alison U",22/06/2023,,2,1,2,1479,8-Nov-82,,25
1499,"Shute, John R",29/11/2023,,10,0,2,1495,12-Jul-95,,26
1500,"Sheldrick, Laura R",18/06/2023,,7,1,5,1478,8-Feb-89,,25
1501,"Wynn, Leigh X",7/6/2023,,6,0,5,1465,5-Jan-77,,29
1502,"Leyland, Arthur N",13/10/2023,,10,0,4,1495,11-Jan-69,,26
1503,"Henry, Graham N",30/01/2023,17-Aug-23,7,0,4,1478,3-Mar-90,,25
1504,"Coombs, Joanne X",24/12/2022,,4,1,5,1489,14-Mar-87,,28
1505,"Turner, David L",15/09/2023,,5,0,5,1476,13-Apr-88,,26
1506,"Mead, Gabriele N",3/8/2023,,1,1,5,1460,6-Jun-83,,30
1507,"Bennett, Frances R",27/07/2023,,7,1,2,1478,10-Oct-85,,25
1508,"Marsden, Lynnette D",11/7/2023,,8,1,5,1420,25-Sep-79,,27
1509,"Brant, William W",9/9/2023,,2,0,3,1479,5-Oct-96,,25
1510,"Woolley, Daniel C",1/4/2023,,3,0,5,1477,12-Nov-84,,27
1511,"Richardson, Bruno X",28/04/2023,,10,0,1,1495,21-May-85,,26
1512,"Woodbridge, Anna E",20/11/2022,,6,1,2,1465,22-Aug-83,,29
1513,"Rawson, David W",11/9/2023,,5,0,2,1476,25-Nov-92,,26
1514,"King, Joseph U",11/9/2023,,4,0,2,1489,29-Jan-78,,28
1515,"Lewis, Julie Z",18/06/2023,,6,1,4,1465,25-Oct-95,,29
1516,"Mills, Venetia G",9/4/2023,,8,1,4,1420,24-Oct-84,,27
1517,"Bennett, Brenda D",12/6/2023,,8,1,5,1420,27-Mar-80,,27
1518,"Massie, Douglas J",6/8/2023,,9,0,4,1485,29-Jul-63,,24
1519,"Seabrook, Colette R",9/6/2023,,8,1,3,1517,26-Feb-82,,28
1520,"Pooley, Simon A",12/2/2023,,9,0,5,1485,31-Dec-88,,24
1521,"Johnson, Joanna L",19/04/2023,,5,1,3,1476,2-Feb-68,,26
1522,"Massie, Steven P",19/07/2023,,3,0,1,1477,18-Jan-97,,27
1523,"Roberts, Rajesh P",3/10/2023,,10,0,3,1495,20-Mar-69,,26
1524,"Goddard, Robert R",13/06/2023,,9,0,1,1485,17-Jan-90,,24
1525,"Jarvis, Patricia R",15/08/2023,,4,1,2,1489,22-Jun-88,,28
1526,"Hulme, Antony E",22/05/2023,,3,0,2,1477,23-Jun-84,,27
1527,"Mills, Steven O",30/04/2023,,5,0,3,1476,11-Mar-93,,26
1528,"Mongan, Robert Q",19/08/2023,,1,0,1,1460,10-Sep-86,,30
1529,"Pryde, Gary J",12/8/2023,,2,0,2,1479,26-Jul-78,,25
1530,"Scholes, Bevis S",6/3/2023,,2,0,4,1479,21-Oct-94,,25
1531,"Sheldrick, Harry E",17/04/2023,,2,0,4,1530,21-Nov-87,,26
1532,"Walmsley, Chi D",17/03/2023,,3,0,1,1526,12-Sep-86,,28
1533,"Murray, Roger E",22/09/2023,,1,0,2,1460,10-Oct-83,,30
1534,"Bland, Catherine B",30/04/2023,,9,1,5,1485,15-May-81,,24
1535,"Bennett, Maureen R",5/4/2023,,4,1,5,1489,8-Apr-76,,28
1536,"Sheldrick, Andrew F",23/01/2024,,8,0,1,1517,27-Oct-88,,28
1537,"Gore, Francis E",6/6/2023,,5,0,4,1476,23-May-93,,26
1538,"Jackson, George C",13/05/2023,,7,0,2,1478,20-Feb-87,,25
1539,"Ewart, Karen W",21/05/2023,,3,1,5,1526,24-Aug-61,,28
1540,"Hyslop, Kathryn Z",2/6/2023,,9,1,3,1485,17-Aug-91,,24
1541,"Scholes, Chi O",27/05/2023,,7,0,3,1538,22-Jun-86,,26
1542,"Coppin, Anna L",24/03/2023,,10,1,1,1495,26-May-87,,26
1543,"Ranson, Harry L",9/9/2023,,2,0,3,1530,7-Jan-88,,26
1544,"Scholes, Grace E",26/11/2023,,1,1,1,1460,8-Jan-00,,30
1545,"Channing, Sharmin L",29/07/2023,,10,1,2,1495,1-Dec-93,,26
1546,"Wright, Kevin P",8/7/2023,,3,0,1,1526,21-Jun-72,,28
1547,"Parke, Paul O",12/2/2024,,5,0,4,1537,30-May-88,,27
1548,"Jones, Tirzah T",18/02/2023,,8,1,5,1517,20-Sep-70,,28
1549,"Deering, Leonard J",5/8/2023,,5,0,1,1537,11-Mar-83,,27
1550,"Lamb, Joseph H",5/10/2023,,4,0,5,1489,3-Dec-82,,28
1551,"Barrett, Timothy Q",9/6/2023,,5,0,1,1537,2-Jul-72,,27
1552,"Parkes, Paulin Z",4/4/2023,,10,0,2,1545,12-Dec-83,,27
1553,"Shute, Clare F",21/04/2023,,8,1,4,1517,14-Jul-96,,28
1554,"Mead, Daniel F",10/2/2023,,6,0,4,1465,17-Jan-75,,29
1555,"Norman, Harry L",14/06/2023,,6,0,4,1554,8-Jul-02,,30
1556,"King, Morag P",23/05/2023,,9,1,3,1485,1-Dec-77,,24
1557,"King, Raymond L",15/06/2023,,9,0,4,1556,4-Dec-87,,25
1558,"Shearer, Dimitrios Q",1/11/2023,,3,0,1,1526,21-May-90,,28
1559,"Shute, Phyllis H",12/7/2023,,1,1,1,1460,1-Oct-74,,30
1560,"Scholes, Ripduman K",22/04/2023,,1,1,4,1559,11-May-71,,31
1561,"Rawson, Elisabeth K",7/3/2023,,6,1,3,1554,25-Aug-82,,30
1562,"Mongan, Gabriele T",1/7/2023,,2,1,5,1530,15-Nov-74,,26
